AoA,CL,CD,camber,camber_loc,thickness,Re
-2.0,-0.1551,0.01968,1,1,06,50000
0.0,0.0572,0.01435,1,1,06,50000
2.0,0.2316,0.01576,1,1,06,50000
4.0,0.5433,0.01971,1,1,06,50000
6.0,0.7355,0.03059,1,1,06,50000
8.0,0.8369,0.06656,1,1,06,50000
10.0,0.8039,0.13138,1,1,06,50000
12.0,0.8135,0.16774,1,1,06,50000
14.0,0.8105,0.19195,1,1,06,50000
16.0,0.8824,0.2404,1,1,06,50000
-2.0,-0.1546,0.01686,1,1,06,100000
0.0,0.0577,0.01031,1,1,06,100000
2.0,0.3037,0.01144,1,1,06,100000
4.0,0.5342,0.01502,1,1,06,100000
6.0,0.7295,0.02045,1,1,06,100000
8.0,0.8737,0.04786,1,1,06,100000
10.0,0.7944,0.10885,1,1,06,100000
12.0,0.8052,0.15684,1,1,06,100000
14.0,0.8313,0.19376,1,1,06,100000
16.0,0.8491,0.21697,1,1,06,100000
-2.0,-0.1539,0.01306,1,1,06,250000
0.0,0.0584,0.00678,1,1,06,250000
2.0,0.3419,0.007,1,1,06,250000
4.0,0.533,0.01108,1,1,06,250000
6.0,0.7353,0.0157,1,1,06,250000
8.0,0.8974,0.03639,1,1,06,250000
10.0,0.8066,0.10459,1,1,06,250000
12.0,0.8024,0.14248,1,1,06,250000
14.0,0.4417,0.09804,1,1,06,250000
16.0,0.4934,0.12973,1,1,06,250000
-2.0,-0.1233,0.00745,1,1,06,1000000
0.0,0.0954,0.00393,1,1,06,1000000
2.0,0.3263,0.00569,1,1,06,1000000
4.0,0.5378,0.00746,1,1,06,1000000
6.0,0.7484,0.01013,1,1,06,1000000
8.0,0.9328,0.02068,1,1,06,1000000
10.0,1.0833,0.03255,1,1,06,1000000
12.0,0.8356,0.12905,1,1,06,1000000
14.0,0.8281,0.17423,1,1,06,1000000
16.0,0.8589,0.21252,1,1,06,1000000
-2.0,-0.1068,0.02699,2,1,06,50000
0.0,0.1096,0.01855,2,1,06,50000
2.0,0.3001,0.01765,2,1,06,50000
4.0,0.6245,0.0227,2,1,06,50000
6.0,0.8313,0.03415,2,1,06,50000
8.0,0.9593,0.06151,2,1,06,50000
10.0,0.8136,0.12087,2,1,06,50000
12.0,0.8771,0.15715,2,1,06,50000
14.0,0.8587,0.18742,2,1,06,50000
16.0,0.9134,0.2291,2,1,06,50000
-2.0,-0.1154,0.02356,2,1,06,100000
0.0,0.1071,0.0162,2,1,06,100000
2.0,0.4299,0.01115,2,1,06,100000
4.0,0.6161,0.01734,2,1,06,100000
6.0,0.8271,0.02413,2,1,06,100000
8.0,1.0175,0.02341,2,1,06,100000
10.0,1.0963,0.0496,2,1,06,100000
12.0,0.4587,0.0738,2,1,06,100000
14.0,0.5018,0.09578,2,1,06,100000
16.0,0.5538,0.13473,2,1,06,100000
-2.0,0.0124,6e-05,2,1,06,250000
0.0,0.1851,0.0,2,1,06,250000
4.0,0.5402,1e-05,2,1,06,250000
6.0,0.7236,6e-05,2,1,06,250000
8.0,0.8626,0.00067,2,1,06,250000
10.0,0.7427,0.00764,2,1,06,250000
12.0,0.6413,0.02877,2,1,06,250000
14.0,0.5606,0.06778,2,1,06,250000
16.0,0.9073,0.21114,2,1,06,250000
-2.0,-0.1002,0.03037,3,1,06,50000
0.0,0.1505,0.02328,3,1,06,50000
2.0,0.4917,0.01784,3,1,06,50000
4.0,0.7078,0.02626,3,1,06,50000
6.0,0.9034,0.03915,3,1,06,50000
10.0,1.2083,0.05164,3,1,06,50000
16.0,0.9669,0.22278,3,1,06,50000
2.0,0.4891,0.01733,3,1,06,100000
4.0,0.7015,0.0201,3,1,06,100000
6.0,0.9085,0.02858,3,1,06,100000
8.0,1.079,0.04455,3,1,06,100000
10.0,1.0854,0.07886,3,1,06,100000
12.0,0.9931,0.12287,3,1,06,100000
14.0,1.0505,0.13019,3,1,06,100000
16.0,0.9749,0.19644,3,1,06,100000
-2.0,0.0581,0.03208,3,1,06,250000
0.0,0.2907,0.01893,3,1,06,250000
2.0,0.4937,0.01468,3,1,06,250000
4.0,0.7035,0.0146,3,1,06,250000
6.0,0.9134,0.01891,3,1,06,250000
10.0,1.2329,0.03427,3,1,06,250000
14.0,1.0733,0.12581,3,1,06,250000
16.0,0.9844,0.19309,3,1,06,250000
-2.0,-0.0266,0.03681,4,1,06,50000
0.0,0.2417,0.02467,4,1,06,50000
2.0,0.5701,0.0251,4,1,06,50000
4.0,0.7904,0.03056,4,1,06,50000
6.0,0.9636,0.04786,4,1,06,50000
10.0,0.8813,0.13768,4,1,06,50000
12.0,0.9097,0.16078,4,1,06,50000
14.0,0.9507,0.18619,4,1,06,50000
16.0,1.0045,0.21378,4,1,06,50000
2.0,0.5714,0.02135,4,1,06,100000
-2.0,0.1604,0.02893,4,1,06,250000
0.0,0.3629,0.0229,4,1,06,250000
2.0,0.5802,0.01853,4,1,06,250000
4.0,0.7933,0.01873,4,1,06,250000
6.0,0.9969,0.02218,4,1,06,250000
10.0,1.3392,0.03077,4,1,06,250000
12.0,1.3444,0.05002,4,1,06,250000
14.0,1.2358,0.10138,4,1,06,250000
16.0,1.124,0.16219,4,1,06,250000
-2.0,0.1491,0.03134,4,1,06,1000000
-2.0,-0.1182,0.0145,1,2,06,50000
0.0,0.056,0.01436,1,2,06,50000
2.0,0.2309,0.01585,1,2,06,50000
4.0,0.5724,0.01878,1,2,06,50000
6.0,0.7272,0.03329,1,2,06,50000
8.0,0.8137,0.07888,1,2,06,50000
12.0,0.7718,0.16169,1,2,06,50000
14.0,0.8169,0.19438,1,2,06,50000
16.0,0.8584,0.22694,1,2,06,50000
-2.0,-0.1588,0.01183,1,2,06,100000
2.0,0.2725,0.01183,1,2,06,100000
4.0,0.5492,0.01313,1,2,06,100000
6.0,0.7268,0.02761,1,2,06,100000
10.0,0.775,0.119,1,2,06,100000
12.0,0.7821,0.15359,1,2,06,100000
14.0,0.8054,0.18662,1,2,06,100000
16.0,0.8642,0.2279,1,2,06,100000
-2.0,-0.1525,0.0102,1,2,06,250000
0.0,0.0584,0.00681,1,2,06,250000
2.0,0.3514,0.00683,1,2,06,250000
4.0,0.5409,0.00995,1,2,06,250000
6.0,0.7295,0.02023,1,2,06,250000
8.0,0.8483,0.05609,1,2,06,250000
10.0,0.7959,0.10383,1,2,06,250000
12.0,0.4101,0.07478,1,2,06,250000
14.0,0.4512,0.10459,1,2,06,250000
16.0,0.4911,0.13,1,2,06,250000
-2.0,-0.1175,0.00668,1,2,06,1000000
0.0,0.1087,0.00348,1,2,06,1000000
2.0,0.3325,0.00495,1,2,06,1000000
4.0,0.5397,0.00777,1,2,06,1000000
6.0,0.7417,0.01364,1,2,06,1000000
-2.0,-0.0922,0.02378,2,2,06,50000
0.0,0.1156,0.015,2,2,06,50000
2.0,0.287,0.01798,2,2,06,50000
4.0,0.6582,0.02048,2,2,06,50000
6.0,0.8352,0.02461,2,2,06,50000
8.0,0.9748,0.0505,2,2,06,50000
10.0,0.9199,0.09522,2,2,06,50000
12.0,0.864,0.16642,2,2,06,50000
14.0,0.8589,0.19248,2,2,06,50000
16.0,0.9242,0.23412,2,2,06,50000
-2.0,-0.0873,0.01995,2,2,06,100000
0.0,0.1217,0.01102,2,2,06,100000
2.0,0.4368,0.01182,2,2,06,100000
4.0,0.6405,0.01443,2,2,06,100000
6.0,0.8233,0.01967,2,2,06,100000
8.0,0.9832,0.04223,2,2,06,100000
10.0,0.907,0.0932,2,2,06,100000
12.0,0.4826,0.07304,2,2,06,100000
14.0,0.4895,0.10494,2,2,06,100000
16.0,0.5307,0.13168,2,2,06,100000
-2.0,-0.0854,0.01431,2,2,06,250000
0.0,0.2063,0.00698,2,2,06,250000
2.0,0.4362,0.00733,2,2,06,250000
4.0,0.6351,0.01039,2,2,06,250000
6.0,0.8296,0.01587,2,2,06,250000
8.0,0.9893,0.03803,2,2,06,250000
10.0,0.6456,0.02185,2,2,06,250000
12.0,0.5021,0.0603,2,2,06,250000
14.0,0.8722,0.17858,2,2,06,250000
-2.0,-0.0006,0.00722,2,2,06,1000000
0.0,0.172,0.0,2,2,06,1000000
2.0,0.3585,0.0,2,2,06,1000000
4.0,0.5546,0.0,2,2,06,1000000
8.0,0.8688,0.00083,2,2,06,1000000
10.0,0.7524,0.00759,2,2,06,1000000
12.0,0.6643,0.02492,2,2,06,1000000
-2.0,-0.0603,0.03115,3,2,06,50000
0.0,0.172,0.02026,3,2,06,50000
2.0,0.5013,0.01949,3,2,06,50000
4.0,0.7418,0.02228,3,2,06,50000
6.0,0.9398,0.03186,3,2,06,50000
8.0,1.0646,0.03548,3,2,06,50000
10.0,1.1304,0.06884,3,2,06,50000
12.0,0.9526,0.13217,3,2,06,50000
14.0,0.9109,0.19078,3,2,06,50000
16.0,0.9574,0.22518,3,2,06,50000
-2.0,-0.0643,0.0287,3,2,06,100000
0.0,0.2154,0.01639,3,2,06,100000
2.0,0.5316,0.01171,3,2,06,100000
4.0,0.7285,0.01596,3,2,06,100000
6.0,0.9399,0.02123,3,2,06,100000
8.0,1.0757,0.03079,3,2,06,100000
10.0,1.1422,0.06042,3,2,06,100000
12.0,0.9794,0.11873,3,2,06,100000
14.0,0.9242,0.18373,3,2,06,100000
16.0,0.9638,0.21876,3,2,06,100000
-2.0,0.0913,1e-05,3,2,06,250000
4.0,0.6333,0.0,3,2,06,250000
6.0,0.8121,1e-05,3,2,06,250000
8.0,0.8005,0.00263,3,2,06,250000
10.0,0.7513,0.01251,3,2,06,250000
12.0,0.6799,0.03395,3,2,06,250000
14.0,0.9407,0.17155,3,2,06,250000
16.0,0.9678,0.20749,3,2,06,250000
-2.0,0.0936,0.01241,3,2,06,1000000
0.0,0.3056,0.00742,3,2,06,1000000
2.0,0.5183,0.00645,3,2,06,1000000
4.0,0.7373,0.00743,3,2,06,1000000
6.0,0.9443,0.01035,3,2,06,1000000
8.0,1.1309,0.01689,3,2,06,1000000
16.0,0.575,0.12125,3,2,06,1000000
-2.0,-0.1118,0.03711,4,2,06,50000
0.0,0.1963,0.02795,4,2,06,50000
2.0,0.6179,0.01874,4,2,06,50000
4.0,0.8259,0.02455,4,2,06,50000
6.0,1.0186,0.03515,4,2,06,50000
8.0,1.0943,0.06341,4,2,06,50000
10.0,1.0319,0.10253,4,2,06,50000
12.0,1.1676,0.08971,4,2,06,50000
14.0,1.0097,0.16652,4,2,06,50000
16.0,1.0224,0.23144,4,2,06,50000
-2.0,-0.0126,0.04125,4,2,06,100000
0.0,0.3821,0.01947,4,2,06,100000
2.0,0.609,0.01317,4,2,06,100000
4.0,0.8177,0.01756,4,2,06,100000
6.0,1.0284,0.02315,4,2,06,100000
8.0,1.182,0.02632,4,2,06,100000
10.0,1.2703,0.04751,4,2,06,100000
12.0,1.194,0.0811,4,2,06,100000
14.0,1.0419,0.14732,4,2,06,100000
16.0,1.0119,0.21522,4,2,06,100000
-2.0,0.1741,0.02888,4,2,06,250000
0.0,0.411,0.01233,4,2,06,250000
2.0,0.6051,0.01019,4,2,06,250000
4.0,0.8172,0.01248,4,2,06,250000
6.0,1.0293,0.01538,4,2,06,250000
8.0,1.1955,0.02188,4,2,06,250000
10.0,0.7715,0.01214,4,2,06,250000
12.0,0.7345,0.02982,4,2,06,250000
14.0,0.707,0.05739,4,2,06,250000
16.0,1.0215,0.20562,4,2,06,250000
-2.0,-0.1205,0.01446,1,3,06,50000
0.0,0.0549,0.0144,1,3,06,50000
2.0,0.2304,0.01599,1,3,06,50000
4.0,0.57,0.018,1,3,06,50000
6.0,0.7313,0.03778,1,3,06,50000
10.0,0.7612,0.13142,1,3,06,50000
12.0,0.7921,0.16556,1,3,06,50000
14.0,0.818,0.19629,1,3,06,50000
16.0,0.8515,0.22217,1,3,06,50000
-2.0,-0.1191,0.01034,1,3,06,100000
0.0,0.0565,0.01038,1,3,06,100000
2.0,0.2589,0.01212,1,3,06,100000
4.0,0.5517,0.0129,1,3,06,100000
6.0,0.7299,0.03215,1,3,06,100000
10.0,0.7939,0.1212,1,3,06,100000
12.0,0.7996,0.15938,1,3,06,100000
14.0,0.8075,0.18718,1,3,06,100000
16.0,0.86,0.22524,1,3,06,100000
-2.0,-0.1545,0.00768,1,3,06,250000
0.0,0.0591,0.00687,1,3,06,250000
2.0,0.3583,0.00686,1,3,06,250000
4.0,0.5381,0.01155,1,3,06,250000
6.0,0.7308,0.02384,1,3,06,250000
-2.0,-0.1141,0.00632,1,3,06,1000000
0.0,0.1177,0.0034,1,3,06,1000000
2.0,0.3368,0.00497,1,3,06,1000000
4.0,0.5428,0.00832,1,3,06,1000000
6.0,0.7422,0.01563,1,3,06,1000000
-2.0,-0.0818,0.02006,2,3,06,50000
0.0,0.1152,0.01516,2,3,06,50000
2.0,0.2865,0.01837,2,3,06,50000
4.0,0.6755,0.02224,2,3,06,50000
6.0,0.8106,0.03005,2,3,06,50000
8.0,0.7356,0.02291,2,3,06,50000
12.0,0.8422,0.16408,2,3,06,50000
14.0,0.8965,0.20257,2,3,06,50000
16.0,0.907,0.2241,2,3,06,50000
-2.0,-0.0779,0.01593,2,3,06,100000
0.0,0.1231,0.01121,2,3,06,100000
2.0,0.4388,0.0127,2,3,06,100000
4.0,0.6634,0.01339,2,3,06,100000
6.0,0.8179,0.02577,2,3,06,100000
10.0,0.8733,0.11372,2,3,06,100000
12.0,0.8563,0.15342,2,3,06,100000
14.0,0.8778,0.18998,2,3,06,100000
16.0,0.9137,0.22439,2,3,06,100000
-2.0,-0.0744,0.01129,2,3,06,250000
0.0,0.2105,0.00722,2,3,06,250000
2.0,0.4528,0.00713,2,3,06,250000
4.0,0.6493,0.00956,2,3,06,250000
6.0,0.8268,0.0195,2,3,06,250000
-2.0,0.0116,0.00651,2,3,06,1000000
0.0,0.2276,0.00365,2,3,06,1000000
2.0,0.4393,0.00492,2,3,06,1000000
4.0,0.6482,0.00759,2,3,06,1000000
6.0,0.8436,0.0142,2,3,06,1000000
8.0,1.009,0.03049,2,3,06,1000000
10.0,1.1208,0.04356,2,3,06,1000000
-2.0,-0.0353,0.02699,3,3,06,50000
0.0,0.1779,0.01665,3,3,06,50000
2.0,0.4298,0.02214,3,3,06,50000
4.0,0.7661,0.02424,3,3,06,50000
6.0,0.9254,0.02278,3,3,06,50000
8.0,1.0744,0.04971,3,3,06,50000
10.0,1.0525,0.0893,3,3,06,50000
12.0,0.4978,0.08748,3,3,06,50000
14.0,0.5428,0.11571,3,3,06,50000
16.0,0.578,0.14172,3,3,06,50000
-2.0,-0.0284,0.02179,3,3,06,100000
0.0,0.1986,0.01284,3,3,06,100000
2.0,0.5538,0.01272,3,3,06,100000
4.0,0.7613,0.01449,3,3,06,100000
6.0,0.9151,0.02169,3,3,06,100000
8.0,1.0783,0.0449,3,3,06,100000
10.0,0.7269,0.02936,3,3,06,100000
12.0,0.5841,0.06315,3,3,06,100000
14.0,0.5589,0.11035,3,3,06,100000
16.0,0.5797,0.13597,3,3,06,100000
-2.0,0.0476,0.01515,3,3,06,250000
0.0,0.3373,0.00718,3,3,06,250000
2.0,0.5477,0.00762,3,3,06,250000
4.0,0.7527,0.00992,3,3,06,250000
6.0,0.9287,0.01721,3,3,06,250000
8.0,0.906,0.00887,3,3,06,250000
-2.0,0.1139,0.00699,3,3,06,1000000
0.0,0.3272,0.00533,3,3,06,1000000
2.0,0.5409,0.0054,3,3,06,1000000
4.0,0.7567,0.00685,3,3,06,1000000
6.0,0.9479,0.01305,3,3,06,1000000
8.0,1.1313,0.01959,3,3,06,1000000
10.0,0.8049,0.00716,3,3,06,1000000
0.0,0.2253,0.02375,4,3,06,50000
2.0,0.5934,0.02398,4,3,06,50000
4.0,0.8471,0.02675,4,3,06,50000
6.0,1.039,0.0348,4,3,06,50000
8.0,1.1408,0.04046,4,3,06,50000
10.0,1.2177,0.07424,4,3,06,50000
12.0,0.64,0.06581,4,3,06,50000
14.0,0.5744,0.11388,4,3,06,50000
16.0,0.623,0.1448,4,3,06,50000
-2.0,-0.0305,0.03489,4,3,06,100000
0.0,0.3731,0.014,4,3,06,100000
2.0,0.6499,0.01289,4,3,06,100000
4.0,0.8568,0.01561,4,3,06,100000
6.0,1.0478,0.01795,4,3,06,100000
8.0,1.1673,0.0367,4,3,06,100000
10.0,0.8675,0.02263,4,3,06,100000
12.0,0.7123,0.04877,4,3,06,100000
14.0,0.597,0.10696,4,3,06,100000
16.0,0.6321,0.13739,4,3,06,100000
-2.0,0.1957,0.01653,4,3,06,250000
0.0,0.4374,0.00723,4,3,06,250000
2.0,0.6431,0.00834,4,3,06,250000
4.0,0.8511,0.01068,4,3,06,250000
6.0,1.03,0.01626,4,3,06,250000
8.0,0.7739,0.00476,4,3,06,250000
10.0,0.816,0.016,4,3,06,250000
12.0,0.7265,0.03972,4,3,06,250000
14.0,0.6222,0.08559,4,3,06,250000
16.0,0.6283,0.13094,4,3,06,250000
-2.0,0.2148,0.00769,4,3,06,1000000
0.0,0.4312,0.00671,4,3,06,1000000
2.0,0.643,0.00596,4,3,06,1000000
4.0,0.8609,0.00706,4,3,06,1000000
-2.0,-0.1238,0.01443,1,4,06,50000
0.0,0.0533,0.01445,1,4,06,50000
2.0,0.2308,0.0161,1,4,06,50000
4.0,0.5618,0.01732,1,4,06,50000
6.0,0.7347,0.04112,1,4,06,50000
8.0,0.7413,0.10018,1,4,06,50000
10.0,0.7783,0.13457,1,4,06,50000
12.0,0.7776,0.16288,1,4,06,50000
14.0,0.809,0.19319,1,4,06,50000
16.0,0.8551,0.2228,1,4,06,50000
-2.0,-0.1229,0.01032,1,4,06,100000
0.0,0.0561,0.01045,1,4,06,100000
2.0,0.2381,0.01231,1,4,06,100000
4.0,0.5391,0.01595,1,4,06,100000
6.0,0.7315,0.03472,1,4,06,100000
8.0,0.804,0.08143,1,4,06,100000
10.0,0.7714,0.12166,1,4,06,100000
12.0,0.7921,0.15895,1,4,06,100000
14.0,0.8132,0.18822,1,4,06,100000
16.0,0.8571,0.22287,1,4,06,100000
-2.0,-0.1529,0.0073,1,4,06,250000
0.0,0.0602,0.00696,1,4,06,250000
2.0,0.3654,0.00691,1,4,06,250000
4.0,0.5406,0.01261,1,4,06,250000
6.0,0.7338,0.02732,1,4,06,250000
8.0,0.7971,0.0724,1,4,06,250000
10.0,0.7644,0.11629,1,4,06,250000
12.0,0.7811,0.15323,1,4,06,250000
14.0,0.8131,0.18548,1,4,06,250000
-2.0,-0.1078,0.00606,1,4,06,1000000
0.0,0.129,0.00337,1,4,06,1000000
2.0,0.343,0.00497,1,4,06,1000000
4.0,0.5477,0.00901,1,4,06,1000000
6.0,0.7455,0.01745,1,4,06,1000000
8.0,0.8675,0.04931,1,4,06,1000000
10.0,0.8145,0.10367,1,4,06,1000000
12.0,0.8089,0.1422,1,4,06,1000000
-2.0,-0.0741,0.01467,2,4,06,50000
0.0,0.1152,0.0154,2,4,06,50000
2.0,0.2908,0.01847,2,4,06,50000
4.0,0.6272,0.02482,2,4,06,50000
6.0,0.8262,0.03525,2,4,06,50000
10.0,0.8659,0.13709,2,4,06,50000
12.0,0.8515,0.16547,2,4,06,50000
14.0,0.8685,0.19474,2,4,06,50000
16.0,0.9265,0.23335,2,4,06,50000
-2.0,-0.0702,0.01248,2,4,06,100000
0.0,0.1252,0.01149,2,4,06,100000
2.0,0.4085,0.01394,2,4,06,100000
4.0,0.6719,0.01272,2,4,06,100000
6.0,0.8272,0.03101,2,4,06,100000
8.0,0.7147,0.0239,2,4,06,100000
10.0,0.4962,0.04926,2,4,06,100000
12.0,0.4813,0.0857,2,4,06,100000
14.0,0.4978,0.10967,2,4,06,100000
16.0,0.5405,0.13683,2,4,06,100000
-2.0,-0.0638,0.01011,2,4,06,250000
0.0,0.2111,0.00755,2,4,06,250000
2.0,0.4719,0.00722,2,4,06,250000
4.0,0.6592,0.00986,2,4,06,250000
6.0,0.8347,0.02291,2,4,06,250000
8.0,0.9592,0.05656,2,4,06,250000
12.0,0.4724,0.07738,2,4,06,250000
16.0,0.5386,0.13294,2,4,06,250000
-2.0,0.0275,0.00619,2,4,06,1000000
0.0,0.2444,0.00351,2,4,06,1000000
2.0,0.4553,0.0047,2,4,06,1000000
4.0,0.6573,0.00867,2,4,06,1000000
6.0,0.8496,0.01719,2,4,06,1000000
-2.0,-0.0202,0.02295,3,4,06,50000
0.0,0.1801,0.01717,3,4,06,50000
2.0,0.3464,0.02216,3,4,06,50000
4.0,0.6888,0.02944,3,4,06,50000
6.0,0.8988,0.0305,3,4,06,50000
8.0,1.0629,0.06066,3,4,06,50000
12.0,0.9008,0.16501,3,4,06,50000
14.0,0.9269,0.19657,3,4,06,50000
16.0,0.9674,0.22799,3,4,06,50000
-2.0,-0.009,0.01779,3,4,06,100000
0.0,0.1951,0.01348,3,4,06,100000
2.0,0.5506,0.01498,3,4,06,100000
4.0,0.7889,0.0143,3,4,06,100000
6.0,0.9184,0.02778,3,4,06,100000
10.0,0.6604,0.03776,3,4,06,100000
12.0,0.5233,0.08444,3,4,06,100000
14.0,0.588,0.1178,3,4,06,100000
16.0,0.6139,0.14667,3,4,06,100000
-2.0,0.0599,0.01184,3,4,06,250000
0.0,0.3545,0.00771,3,4,06,250000
2.0,0.5777,0.00758,3,4,06,250000
4.0,0.7761,0.00927,3,4,06,250000
6.0,0.9318,0.02103,3,4,06,250000
-2.0,0.1401,0.00632,3,4,06,1000000
0.0,0.3531,0.00375,3,4,06,1000000
2.0,0.5693,0.0047,3,4,06,1000000
4.0,0.7693,0.00843,3,4,06,1000000
-2.0,0.0079,0.03045,4,4,06,50000
0.0,0.2404,0.02001,4,4,06,50000
4.0,0.7589,0.03422,4,4,06,50000
6.0,0.9924,0.02656,4,4,06,50000
8.0,1.1776,0.05353,4,4,06,50000
10.0,1.1542,0.09402,4,4,06,50000
12.0,0.9937,0.16941,4,4,06,50000
14.0,1.0053,0.20305,4,4,06,50000
16.0,1.0215,0.22977,4,4,06,50000
-2.0,0.0224,0.02472,4,4,06,100000
0.0,0.35,0.01574,4,4,06,100000
2.0,0.6646,0.01588,4,4,06,100000
4.0,0.8953,0.01603,4,4,06,100000
6.0,1.01,0.02411,4,4,06,100000
8.0,0.9696,0.01491,4,4,06,100000
10.0,0.8258,0.03324,4,4,06,100000
12.0,0.625,0.06999,4,4,06,100000
14.0,0.6222,0.11573,4,4,06,100000
16.0,0.6344,0.14215,4,4,06,100000
-2.0,0.2151,0.01249,4,4,06,250000
0.0,0.4693,0.00781,4,4,06,250000
2.0,0.684,0.008,4,4,06,250000
4.0,0.8892,0.0095,4,4,06,250000
6.0,1.0313,0.0197,4,4,06,250000
12.0,1.0176,0.13133,4,4,06,250000
14.0,1.0031,0.17677,4,4,06,250000
16.0,1.0182,0.2228,4,4,06,250000
-2.0,0.2496,0.00679,4,4,06,1000000
0.0,0.4689,0.00553,4,4,06,1000000
6.0,1.063,0.01486,4,4,06,1000000
8.0,1.2292,0.02406,4,4,06,1000000
10.0,0.8448,0.0091,4,4,06,1000000
-2.0,-0.0953,0.01592,1,1,08,50000
0.0,0.0334,0.01574,1,1,08,50000
2.0,0.178,0.01866,1,1,08,50000
4.0,0.5564,0.02024,1,1,08,50000
6.0,0.7527,0.03047,1,1,08,50000
8.0,0.9016,0.0473,1,1,08,50000
10.0,0.7861,0.10563,1,1,08,50000
12.0,0.779,0.15686,1,1,08,50000
14.0,0.792,0.18883,1,1,08,50000
16.0,0.8141,0.21354,1,1,08,50000
-2.0,-0.1835,0.01493,1,1,08,100000
0.0,0.0281,0.01165,1,1,08,100000
2.0,0.3625,0.01201,1,1,08,100000
4.0,0.5457,0.01499,1,1,08,100000
6.0,0.7454,0.02154,1,1,08,100000
8.0,0.9216,0.02824,1,1,08,100000
10.0,1.0001,0.05445,1,1,08,100000
12.0,0.7969,0.13027,1,1,08,100000
14.0,0.7875,0.17583,1,1,08,100000
16.0,0.8168,0.20777,1,1,08,100000
-2.0,-0.1862,0.01195,1,1,08,250000
0.0,0.1397,0.00742,1,1,08,250000
2.0,0.3579,0.00772,1,1,08,250000
4.0,0.5443,0.01121,1,1,08,250000
6.0,0.745,0.01458,1,1,08,250000
8.0,0.9411,0.01821,1,1,08,250000
10.0,1.0738,0.03401,1,1,08,250000
12.0,1.0095,0.06692,1,1,08,250000
14.0,0.4319,0.07574,1,1,08,250000
-2.0,-0.1016,0.00711,1,1,08,1000000
0.0,0.0938,0.00447,1,1,08,1000000
2.0,0.3513,0.006,1,1,08,1000000
4.0,0.553,0.00766,1,1,08,1000000
6.0,0.7626,0.00895,1,1,08,1000000
8.0,0.9648,0.01221,1,1,08,1000000
10.0,1.143,0.01904,1,1,08,1000000
12.0,1.3001,0.02596,1,1,08,1000000
14.0,1.2877,0.04749,1,1,08,1000000
16.0,1.0698,0.12522,1,1,08,1000000
-2.0,-0.1298,0.02517,2,1,08,50000
0.0,0.076,0.0167,2,1,08,50000
2.0,0.4065,0.01944,2,1,08,50000
4.0,0.6303,0.02324,2,1,08,50000
6.0,0.8318,0.03398,2,1,08,50000
8.0,0.9701,0.05655,2,1,08,50000
10.0,0.7828,0.1229,2,1,08,50000
12.0,0.8256,0.15257,2,1,08,50000
14.0,0.8271,0.17855,2,1,08,50000
16.0,0.8617,0.21016,2,1,08,50000
-2.0,-0.1409,0.02381,2,1,08,100000
0.0,0.1188,0.01608,2,1,08,100000
2.0,0.4426,0.01193,2,1,08,100000
4.0,0.6217,0.01753,2,1,08,100000
6.0,0.8307,0.02384,2,1,08,100000
8.0,1.0192,0.0346,2,1,08,100000
10.0,1.1704,0.04273,2,1,08,100000
12.0,1.231,0.04699,2,1,08,100000
14.0,0.9004,0.15026,2,1,08,100000
16.0,0.9055,0.20949,2,1,08,100000
-2.0,-0.0652,0.01952,2,1,08,250000
0.0,0.2187,0.01058,2,1,08,250000
2.0,0.4276,0.00926,2,1,08,250000
4.0,0.6242,0.01282,2,1,08,250000
6.0,0.8307,0.01625,2,1,08,250000
8.0,1.0331,0.02226,2,1,08,250000
10.0,1.2251,0.02078,2,1,08,250000
12.0,1.2782,0.03698,2,1,08,250000
14.0,1.1734,0.07841,2,1,08,250000
16.0,0.6009,0.0676,2,1,08,250000
-2.0,-0.0098,0.00973,2,1,08,1000000
0.0,0.1999,0.00831,2,1,08,1000000
2.0,0.4273,0.0074,2,1,08,1000000
4.0,0.6366,0.00855,2,1,08,1000000
6.0,0.85,0.00992,2,1,08,1000000
8.0,1.0625,0.01133,2,1,08,1000000
10.0,1.2524,0.01585,2,1,08,1000000
12.0,0.8522,0.00428,2,1,08,1000000
14.0,0.7567,0.02041,2,1,08,1000000
16.0,0.6458,0.05656,2,1,08,1000000
-2.0,-0.1306,0.03104,3,1,08,50000
0.0,0.1043,0.02497,3,1,08,50000
2.0,0.5073,0.01795,3,1,08,50000
4.0,0.7111,0.02677,3,1,08,50000
6.0,0.9046,0.03856,3,1,08,50000
8.0,0.9491,0.07442,3,1,08,50000
10.0,0.8097,0.13153,3,1,08,50000
12.0,0.8518,0.15631,3,1,08,50000
14.0,0.8745,0.18106,3,1,08,50000
16.0,0.9519,0.21874,3,1,08,50000
-2.0,-0.1048,0.03128,3,1,08,100000
0.0,0.2922,0.01734,3,1,08,100000
4.0,0.7039,0.02013,3,1,08,100000
6.0,0.9108,0.02761,3,1,08,100000
8.0,1.0794,0.04117,3,1,08,100000
10.0,0.8454,0.11495,3,1,08,100000
12.0,0.8734,0.14299,3,1,08,100000
14.0,0.9212,0.17008,3,1,08,100000
16.0,0.9596,0.20275,3,1,08,100000
-2.0,0.0848,0.02279,3,1,08,250000
-2.0,-0.0986,0.03804,4,1,08,50000
0.0,0.3199,0.02527,4,1,08,50000
2.0,0.5708,0.02519,4,1,08,50000
4.0,0.7921,0.03106,4,1,08,50000
6.0,0.9586,0.0464,4,1,08,50000
8.0,0.7535,0.11624,4,1,08,50000
10.0,0.8232,0.14049,4,1,08,50000
12.0,0.8506,0.16359,4,1,08,50000
14.0,0.9422,0.19601,4,1,08,50000
16.0,0.95,0.21089,4,1,08,50000
-2.0,0.1726,0.02688,4,1,08,250000
0.0,0.3668,0.02181,4,1,08,250000
-2.0,-0.1006,0.01585,1,2,08,50000
0.0,0.0299,0.01578,1,2,08,50000
2.0,0.1754,0.01887,1,2,08,50000
6.0,0.7445,0.0262,1,2,08,50000
8.0,0.8921,0.04843,1,2,08,50000
10.0,0.7996,0.10238,1,2,08,50000
14.0,0.7958,0.1919,1,2,08,50000
16.0,0.8191,0.21577,1,2,08,50000
-2.0,-0.0929,0.01168,1,2,08,100000
0.0,0.0251,0.01171,1,2,08,100000
2.0,0.3628,0.01247,1,2,08,100000
4.0,0.5635,0.01395,1,2,08,100000
6.0,0.7405,0.01872,1,2,08,100000
8.0,0.9091,0.03602,1,2,08,100000
10.0,0.8674,0.07614,1,2,08,100000
12.0,0.7955,0.14677,1,2,08,100000
14.0,0.7966,0.18142,1,2,08,100000
16.0,0.8225,0.21172,1,2,08,100000
-2.0,-0.1863,0.00826,1,2,08,250000
0.0,0.1341,0.00753,1,2,08,250000
2.0,0.3642,0.00751,1,2,08,250000
4.0,0.555,0.00999,1,2,08,250000
6.0,0.7472,0.01431,1,2,08,250000
8.0,0.9219,0.0246,1,2,08,250000
10.0,0.9962,0.05132,1,2,08,250000
12.0,0.7836,0.13292,1,2,08,250000
14.0,0.4186,0.09093,1,2,08,250000
16.0,0.4576,0.11746,1,2,08,250000
0.0,0.0963,0.00409,1,2,08,1000000
2.0,0.3551,0.00542,1,2,08,1000000
4.0,0.5587,0.007,1,2,08,1000000
6.0,0.7602,0.00991,1,2,08,1000000
8.0,0.8104,2e-05,1,2,08,1000000
10.0,0.7737,0.00154,1,2,08,1000000
12.0,0.6909,0.01034,1,2,08,1000000
14.0,0.6062,0.03356,1,2,08,1000000
-2.0,-0.1182,0.0219,2,2,08,50000
0.0,0.0753,0.01691,2,2,08,50000
2.0,0.3828,0.02111,2,2,08,50000
4.0,0.6624,0.02225,2,2,08,50000
6.0,0.8549,0.03009,2,2,08,50000
8.0,1.0028,0.03388,2,2,08,50000
10.0,1.0862,0.06208,2,2,08,50000
12.0,0.8551,0.13485,2,2,08,50000
14.0,0.8328,0.18497,2,2,08,50000
16.0,0.8659,0.21485,2,2,08,50000
-2.0,-0.1194,0.0186,2,2,08,100000
0.0,0.1139,0.01296,2,2,08,100000
2.0,0.456,0.01226,2,2,08,100000
4.0,0.6486,0.01526,2,2,08,100000
6.0,0.8525,0.01979,2,2,08,100000
8.0,1.0064,0.02535,2,2,08,100000
10.0,1.1237,0.04832,2,2,08,100000
12.0,0.98,0.09156,2,2,08,100000
14.0,0.4895,0.09873,2,2,08,100000
16.0,0.487,0.11975,2,2,08,100000
-2.0,-0.0553,0.01216,2,2,08,250000
0.0,0.2484,0.00725,2,2,08,250000
2.0,0.4453,0.00807,2,2,08,250000
4.0,0.6427,0.01083,2,2,08,250000
6.0,0.8494,0.01308,2,2,08,250000
8.0,1.0254,0.01961,2,2,08,250000
10.0,1.1563,0.03434,2,2,08,250000
12.0,1.1101,0.06265,2,2,08,250000
14.0,0.9015,0.1437,2,2,08,250000
16.0,0.4939,0.11215,2,2,08,250000
-2.0,-0.0022,0.00711,2,2,08,1000000
0.0,0.2015,0.00486,2,2,08,1000000
2.0,0.4392,0.00597,2,2,08,1000000
4.0,0.6506,0.00718,2,2,08,1000000
6.0,0.8649,0.00853,2,2,08,1000000
8.0,1.0591,0.01309,2,2,08,1000000
10.0,1.2365,0.01886,2,2,08,1000000
12.0,1.3666,0.02712,2,2,08,1000000
14.0,1.317,0.05252,2,2,08,1000000
16.0,1.1858,0.10846,2,2,08,1000000
-2.0,-0.0893,0.03033,3,2,08,50000
2.0,0.5319,0.02029,3,2,08,50000
4.0,0.7445,0.02412,3,2,08,50000
6.0,0.9325,0.03379,3,2,08,50000
8.0,1.0653,0.05133,3,2,08,50000
10.0,0.8486,0.11872,3,2,08,50000
12.0,1.1672,0.07454,3,2,08,50000
14.0,0.9229,0.16796,3,2,08,50000
16.0,0.9264,0.21556,3,2,08,50000
0.0,0.2931,0.01325,3,2,08,100000
2.0,0.536,0.01261,3,2,08,100000
4.0,0.7346,0.01676,3,2,08,100000
6.0,0.944,0.02174,3,2,08,100000
8.0,1.1361,0.02578,3,2,08,100000
10.0,1.2207,0.03527,3,2,08,100000
12.0,1.2424,0.0606,3,2,08,100000
16.0,0.5325,0.1182,3,2,08,100000
-2.0,0.0946,0.01468,3,2,08,250000
0.0,0.3164,0.00841,3,2,08,250000
6.0,0.9426,0.01467,3,2,08,250000
8.0,1.1438,0.01596,3,2,08,250000
10.0,1.2562,0.02784,3,2,08,250000
12.0,1.2848,0.04622,3,2,08,250000
14.0,1.1666,0.08896,3,2,08,250000
16.0,1.0568,0.14856,3,2,08,250000
-2.0,0.0946,0.008,3,2,08,1000000
0.0,0.3092,0.00774,3,2,08,1000000
2.0,0.5271,0.00672,3,2,08,1000000
4.0,0.7439,0.00784,3,2,08,1000000
6.0,0.9616,0.00883,3,2,08,1000000
8.0,1.1571,0.0127,3,2,08,1000000
10.0,1.3383,0.01762,3,2,08,1000000
12.0,1.4293,0.02761,3,2,08,1000000
14.0,1.4271,0.04743,3,2,08,1000000
16.0,1.3391,0.09111,3,2,08,1000000
-2.0,-0.2278,0.04104,4,2,08,50000
0.0,0.2628,0.02817,4,2,08,50000
2.0,0.6198,0.02043,4,2,08,50000
4.0,0.8261,0.02655,4,2,08,50000
6.0,1.0067,0.03769,4,2,08,50000
8.0,1.0722,0.06471,4,2,08,50000
14.0,0.9511,0.17766,4,2,08,50000
16.0,0.9786,0.21308,4,2,08,50000
-2.0,0.1978,0.02247,4,2,08,250000
0.0,0.4137,0.01162,4,2,08,250000
2.0,0.6101,0.01067,4,2,08,250000
4.0,0.8211,0.013,4,2,08,250000
6.0,1.033,0.01588,4,2,08,250000
8.0,1.2371,0.01864,4,2,08,250000
10.0,1.3677,0.02493,4,2,08,250000
12.0,1.3431,0.0444,4,2,08,250000
14.0,1.3161,0.07337,4,2,08,250000
16.0,1.2155,0.1224,4,2,08,250000
-2.0,0.1915,0.01045,4,2,08,1000000
0.0,0.4032,0.00901,4,2,08,1000000
2.0,0.6208,0.00735,4,2,08,1000000
4.0,0.8395,0.00837,4,2,08,1000000
6.0,1.0551,0.00961,4,2,08,1000000
8.0,1.2698,0.01057,4,2,08,1000000
10.0,1.4304,0.01756,4,2,08,1000000
12.0,1.5323,0.02586,4,2,08,1000000
14.0,1.5368,0.04358,4,2,08,1000000
16.0,1.4149,0.09128,4,2,08,1000000
-2.0,-0.1075,0.01579,1,3,08,50000
0.0,0.0264,0.01586,1,3,08,50000
2.0,0.1738,0.01907,1,3,08,50000
4.0,0.5882,0.0214,1,3,08,50000
6.0,0.7329,0.02793,1,3,08,50000
8.0,0.8798,0.05459,1,3,08,50000
10.0,0.7457,0.12667,1,3,08,50000
12.0,0.7878,0.16325,1,3,08,50000
14.0,0.7726,0.18617,1,3,08,50000
16.0,0.8384,0.22513,1,3,08,50000
-2.0,-0.1016,0.01159,1,3,08,100000
0.0,0.0225,0.01181,1,3,08,100000
2.0,0.3588,0.01297,1,3,08,100000
4.0,0.5729,0.01344,1,3,08,100000
6.0,0.7311,0.02217,1,3,08,100000
8.0,0.901,0.04104,1,3,08,100000
10.0,0.8329,0.10682,1,3,08,100000
12.0,0.7582,0.14592,1,3,08,100000
14.0,0.7775,0.179,1,3,08,100000
16.0,0.817,0.21016,1,3,08,100000
-2.0,-0.1863,0.00788,1,3,08,250000
0.0,0.1324,0.00764,1,3,08,250000
2.0,0.3702,0.00744,1,3,08,250000
4.0,0.5616,0.00961,1,3,08,250000
6.0,0.7435,0.01592,1,3,08,250000
8.0,0.9185,0.02849,1,3,08,250000
10.0,0.6077,0.01493,1,3,08,250000
12.0,0.7779,0.13571,1,3,08,250000
14.0,0.7865,0.17371,1,3,08,250000
16.0,0.8234,0.2058,1,3,08,250000
-2.0,-0.0952,0.00582,1,3,08,1000000
0.0,0.1041,0.00398,1,3,08,1000000
2.0,0.359,0.00523,1,3,08,1000000
4.0,0.5611,0.00717,1,3,08,1000000
6.0,0.7626,0.01039,1,3,08,1000000
8.0,0.962,0.01423,1,3,08,1000000
10.0,1.1098,0.02647,1,3,08,1000000
12.0,1.2168,0.03644,1,3,08,1000000
16.0,0.4473,0.11103,1,3,08,1000000
-2.0,-0.124,0.01631,2,3,08,50000
0.0,0.072,0.01719,2,3,08,50000
2.0,0.3278,0.02272,2,3,08,50000
4.0,0.6742,0.02431,2,3,08,50000
6.0,0.861,0.02519,2,3,08,50000
8.0,0.9962,0.04117,2,3,08,50000
10.0,0.9817,0.07951,2,3,08,50000
12.0,0.8171,0.15568,2,3,08,50000
14.0,0.8427,0.18964,2,3,08,50000
16.0,0.8829,0.22153,2,3,08,50000
-2.0,-0.1113,0.015,2,3,08,100000
0.0,0.1087,0.01334,2,3,08,100000
2.0,0.4679,0.01301,2,3,08,100000
4.0,0.6715,0.01451,2,3,08,100000
6.0,0.8564,0.01692,2,3,08,100000
8.0,1.001,0.0332,2,3,08,100000
10.0,1.0733,0.06402,2,3,08,100000
12.0,0.8362,0.14205,2,3,08,100000
14.0,0.86,0.17723,2,3,08,100000
16.0,0.8942,0.21559,2,3,08,100000
-2.0,-0.0518,0.01064,2,3,08,250000
0.0,0.2549,0.00741,2,3,08,250000
2.0,0.4593,0.00781,2,3,08,250000
4.0,0.6603,0.00986,2,3,08,250000
6.0,0.8529,0.01339,2,3,08,250000
8.0,1.0146,0.02346,2,3,08,250000
10.0,1.1195,0.04561,2,3,08,250000
16.0,0.5082,0.11902,2,3,08,250000
-2.0,0.0103,0.00649,2,3,08,1000000
0.0,0.2101,0.00426,2,3,08,1000000
2.0,0.451,0.00535,2,3,08,1000000
4.0,0.6632,0.0067,2,3,08,1000000
6.0,0.8641,0.01025,2,3,08,1000000
8.0,1.0637,0.01381,2,3,08,1000000
10.0,1.23,0.02075,2,3,08,1000000
12.0,1.3386,0.03068,2,3,08,1000000
14.0,1.2807,0.0581,2,3,08,1000000
-2.0,-0.0711,0.02587,3,3,08,50000
0.0,0.1217,0.01959,3,3,08,50000
2.0,0.4867,0.02474,3,3,08,50000
4.0,0.757,0.02675,3,3,08,50000
6.0,0.9429,0.03347,3,3,08,50000
8.0,1.0701,0.03242,3,3,08,50000
10.0,1.1874,0.05956,3,3,08,50000
12.0,0.9704,0.11926,3,3,08,50000
14.0,0.9195,0.19314,3,3,08,50000
16.0,0.9425,0.22417,3,3,08,50000
-2.0,-0.0631,0.02095,3,3,08,100000
0.0,0.2809,0.01425,3,3,08,100000
2.0,0.56,0.01323,3,3,08,100000
4.0,0.7664,0.0156,3,3,08,100000
6.0,0.9663,0.01867,3,3,08,100000
8.0,1.0833,0.02753,3,3,08,100000
10.0,1.2165,0.04948,3,3,08,100000
12.0,1.1087,0.08256,3,3,08,100000
14.0,0.9459,0.17718,3,3,08,100000
16.0,0.934,0.20919,3,3,08,100000
-2.0,0.1044,0.01159,3,3,08,250000
0.0,0.3476,0.0074,3,3,08,250000
2.0,0.5519,0.00838,3,3,08,250000
4.0,0.7587,0.01051,3,3,08,250000
6.0,0.9639,0.0124,3,3,08,250000
8.0,1.1134,0.0211,3,3,08,250000
10.0,1.2377,0.03631,3,3,08,250000
12.0,0.7297,0.02123,3,3,08,250000
14.0,0.6414,0.05004,3,3,08,250000
16.0,0.944,0.20189,3,3,08,250000
-2.0,0.1138,0.00687,3,3,08,1000000
0.0,0.3258,0.00528,3,3,08,1000000
2.0,0.5485,0.00578,3,3,08,1000000
4.0,0.7661,0.00688,3,3,08,1000000
6.0,0.9718,0.00953,3,3,08,1000000
8.0,1.1631,0.01384,3,3,08,1000000
10.0,1.3282,0.01974,3,3,08,1000000
12.0,1.4123,0.02943,3,3,08,1000000
14.0,1.3325,0.05988,3,3,08,1000000
-2.0,-0.2966,0.0435,4,3,08,50000
0.0,0.2395,0.02517,4,3,08,50000
2.0,0.6054,0.02596,4,3,08,50000
4.0,0.8282,0.0301,4,3,08,50000
6.0,1.0035,0.03949,4,3,08,50000
8.0,1.2119,0.03762,4,3,08,50000
10.0,1.266,0.04818,4,3,08,50000
12.0,1.2701,0.0794,4,3,08,50000
14.0,1.034,0.15144,4,3,08,50000
16.0,0.9896,0.22236,4,3,08,50000
-2.0,0.069,0.02638,4,3,08,100000
0.0,0.4195,0.01428,4,3,08,100000
2.0,0.6517,0.0138,4,3,08,100000
4.0,0.861,0.01678,4,3,08,100000
6.0,1.0668,0.02112,4,3,08,100000
8.0,1.2307,0.02135,4,3,08,100000
10.0,1.2869,0.04059,4,3,08,100000
12.0,1.2935,0.0705,4,3,08,100000
14.0,1.1465,0.11318,4,3,08,100000
16.0,0.5924,0.123,4,3,08,100000
0.0,0.441,0.00765,4,3,08,250000
2.0,0.6461,0.00914,4,3,08,250000
4.0,0.856,0.01131,4,3,08,250000
6.0,1.0657,0.01334,4,3,08,250000
8.0,1.2157,0.01984,4,3,08,250000
10.0,1.2989,0.03163,4,3,08,250000
12.0,1.3367,0.05458,4,3,08,250000
14.0,1.2219,0.09261,4,3,08,250000
16.0,0.6496,0.08719,4,3,08,250000
-2.0,0.2173,0.0073,4,3,08,1000000
0.0,0.4346,0.00719,4,3,08,1000000
2.0,0.6493,0.00631,4,3,08,1000000
4.0,0.8683,0.00734,4,3,08,1000000
6.0,1.0844,0.00848,4,3,08,1000000
8.0,1.2602,0.01415,4,3,08,1000000
10.0,1.4238,0.01933,4,3,08,1000000
12.0,1.4562,0.03175,4,3,08,1000000
14.0,1.4711,0.05078,4,3,08,1000000
16.0,1.4066,0.08753,4,3,08,1000000
-2.0,-0.116,0.01577,1,4,08,50000
0.0,0.0223,0.01595,1,4,08,50000
2.0,0.176,0.01901,1,4,08,50000
4.0,0.5827,0.02167,1,4,08,50000
6.0,0.7365,0.03013,1,4,08,50000
8.0,0.8744,0.05941,1,4,08,50000
10.0,0.7298,0.12577,1,4,08,50000
12.0,0.7551,0.15838,1,4,08,50000
14.0,0.7783,0.18661,1,4,08,50000
16.0,0.8222,0.21788,1,4,08,50000
-2.0,-0.1125,0.01155,1,4,08,100000
0.0,0.0198,0.01192,1,4,08,100000
2.0,0.3454,0.0136,1,4,08,100000
4.0,0.579,0.01309,1,4,08,100000
6.0,0.735,0.0236,1,4,08,100000
8.0,0.8929,0.04561,1,4,08,100000
10.0,0.7669,0.11089,1,4,08,100000
12.0,0.7635,0.14636,1,4,08,100000
14.0,0.781,0.17967,1,4,08,100000
16.0,0.8196,0.21085,1,4,08,100000
-2.0,-0.1822,0.008,1,4,08,250000
0.0,0.1297,0.00777,1,4,08,250000
2.0,0.3772,0.0074,1,4,08,250000
4.0,0.5669,0.00953,1,4,08,250000
6.0,0.7451,0.01671,1,4,08,250000
8.0,0.9167,0.03195,1,4,08,250000
10.0,0.5733,0.01777,1,4,08,250000
12.0,0.7787,0.13685,1,4,08,250000
14.0,0.7877,0.17537,1,4,08,250000
16.0,0.8264,0.20659,1,4,08,250000
-2.0,-0.0881,0.00562,1,4,08,1000000
0.0,0.1142,0.00392,1,4,08,1000000
2.0,0.3641,0.00507,1,4,08,1000000
4.0,0.5631,0.00764,1,4,08,1000000
6.0,0.768,0.01052,1,4,08,1000000
8.0,0.9659,0.01465,1,4,08,1000000
10.0,1.1051,0.02875,1,4,08,1000000
12.0,1.1876,0.04025,1,4,08,1000000
16.0,0.4495,0.11256,1,4,08,1000000
-2.0,-0.1015,0.01602,2,4,08,50000
0.0,0.0698,0.01748,2,4,08,50000
2.0,0.2248,0.02246,2,4,08,50000
4.0,0.6285,0.02762,2,4,08,50000
6.0,0.8278,0.02405,2,4,08,50000
8.0,0.9959,0.04843,2,4,08,50000
10.0,0.9024,0.0944,2,4,08,50000
12.0,0.8422,0.16106,2,4,08,50000
14.0,0.8465,0.1891,2,4,08,50000
16.0,0.8773,0.21801,2,4,08,50000
-2.0,-0.1148,0.01212,2,4,08,100000
0.0,0.0894,0.01376,2,4,08,100000
2.0,0.4631,0.01452,2,4,08,100000
4.0,0.6878,0.01412,2,4,08,100000
6.0,0.8334,0.02059,2,4,08,100000
8.0,1.0012,0.04041,2,4,08,100000
12.0,0.8801,0.14522,2,4,08,100000
14.0,0.8536,0.18129,2,4,08,100000
16.0,0.8794,0.21242,2,4,08,100000
-2.0,-0.0465,0.00978,2,4,08,250000
0.0,0.2645,0.00771,2,4,08,250000
2.0,0.4766,0.0077,2,4,08,250000
4.0,0.6771,0.00929,2,4,08,250000
6.0,0.849,0.01585,2,4,08,250000
8.0,1.0194,0.02695,2,4,08,250000
10.0,0.7291,0.01225,2,4,08,250000
12.0,0.8984,0.11606,2,4,08,250000
14.0,0.8537,0.17276,2,4,08,250000
16.0,0.8869,0.20696,2,4,08,250000
-2.0,0.0263,0.00606,2,4,08,1000000
0.0,0.2297,0.00406,2,4,08,1000000
2.0,0.4656,0.00498,2,4,08,1000000
4.0,0.6747,0.00694,2,4,08,1000000
6.0,0.874,0.01078,2,4,08,1000000
8.0,1.0714,0.01447,2,4,08,1000000
10.0,1.2323,0.02234,2,4,08,1000000
12.0,1.3076,0.03586,2,4,08,1000000
14.0,1.1992,0.07308,2,4,08,1000000
-2.0,-0.0588,0.02288,3,4,08,50000
0.0,0.1228,0.02009,3,4,08,50000
2.0,0.3756,0.02713,3,4,08,50000
4.0,0.6797,0.03279,3,4,08,50000
6.0,0.9626,0.02698,3,4,08,50000
8.0,1.0886,0.04073,3,4,08,50000
10.0,1.1438,0.07405,3,4,08,50000
14.0,0.8955,0.1889,3,4,08,50000
16.0,0.9442,0.22215,3,4,08,50000
-2.0,-0.0467,0.0179,3,4,08,100000
0.0,0.2598,0.01565,3,4,08,100000
2.0,0.5694,0.01541,3,4,08,100000
4.0,0.7935,0.01562,3,4,08,100000
6.0,0.9741,0.01658,3,4,08,100000
8.0,1.0942,0.03438,3,4,08,100000
10.0,1.1665,0.06494,3,4,08,100000
12.0,0.6674,0.04188,3,4,08,100000
14.0,0.5079,0.10001,3,4,08,100000
16.0,0.5862,0.13474,3,4,08,100000
-2.0,0.1152,0.01082,3,4,08,250000
0.0,0.3688,0.00776,3,4,08,250000
2.0,0.5807,0.0081,3,4,08,250000
4.0,0.7877,0.00957,3,4,08,250000
6.0,0.9618,0.01432,3,4,08,250000
8.0,1.1084,0.02485,3,4,08,250000
10.0,1.2201,0.04668,3,4,08,250000
12.0,0.7056,0.02836,3,4,08,250000
14.0,0.5406,0.08369,3,4,08,250000
-2.0,0.1392,0.00639,3,4,08,1000000
0.0,0.3513,0.00456,3,4,08,1000000
2.0,0.5754,0.00513,3,4,08,1000000
4.0,0.7897,0.00658,3,4,08,1000000
6.0,0.9809,0.01104,3,4,08,1000000
8.0,1.1741,0.01468,3,4,08,1000000
10.0,1.3273,0.0216,3,4,08,1000000
12.0,1.4097,0.03169,3,4,08,1000000
14.0,1.3451,0.0592,3,4,08,1000000
16.0,1.1877,0.1214,3,4,08,1000000
-2.0,-0.0283,0.03031,4,4,08,50000
0.0,0.1719,0.0239,4,4,08,50000
2.0,0.4858,0.03159,4,4,08,50000
4.0,0.7236,0.03868,4,4,08,50000
6.0,0.9529,0.04446,4,4,08,50000
8.0,1.1294,0.03501,4,4,08,50000
10.0,1.2841,0.06304,4,4,08,50000
12.0,1.1321,0.10287,4,4,08,50000
14.0,0.9483,0.1897,4,4,08,50000
16.0,1.0093,0.22652,4,4,08,50000
-2.0,0.0693,0.0224,4,4,08,100000
0.0,0.3979,0.01692,4,4,08,100000
2.0,0.6714,0.01629,4,4,08,100000
4.0,0.8934,0.01714,4,4,08,100000
6.0,1.0911,0.01782,4,4,08,100000
8.0,1.1618,0.02987,4,4,08,100000
10.0,1.3094,0.05276,4,4,08,100000
12.0,1.1819,0.0872,4,4,08,100000
14.0,1.0014,0.17701,4,4,08,100000
16.0,1.0019,0.2122,4,4,08,100000
-2.0,0.2485,0.0115,4,4,08,250000
2.0,0.687,0.00858,4,4,08,250000
4.0,0.8982,0.01015,4,4,08,250000
6.0,1.091,0.01222,4,4,08,250000
8.0,1.1982,0.02337,4,4,08,250000
10.0,1.3251,0.03971,4,4,08,250000
12.0,1.2322,0.07472,4,4,08,250000
14.0,0.7029,0.05277,4,4,08,250000
16.0,0.6202,0.11705,4,4,08,250000
-2.0,0.2521,0.00661,4,4,08,1000000
0.0,0.4716,0.00578,4,4,08,1000000
2.0,0.6868,0.00543,4,4,08,1000000
4.0,0.9027,0.00669,4,4,08,1000000
6.0,1.0886,0.01123,4,4,08,1000000
8.0,1.274,0.0151,4,4,08,1000000
10.0,1.4182,0.02117,4,4,08,1000000
12.0,1.468,0.03258,4,4,08,1000000
14.0,1.3866,0.06342,4,4,08,1000000
16.0,1.2777,0.11192,4,4,08,1000000
-2.0,-0.052,0.01839,1,1,10,50000
0.0,-0.0053,0.01797,1,1,10,50000
2.0,0.254,0.02262,1,1,10,50000
4.0,0.5736,0.02133,1,1,10,50000
6.0,0.7593,0.03042,1,1,10,50000
8.0,0.9149,0.04572,1,1,10,50000
10.0,0.7681,0.10142,1,1,10,50000
12.0,0.7038,0.14701,1,1,10,50000
14.0,0.7409,0.17842,1,1,10,50000
16.0,0.7795,0.2083,1,1,10,50000
-2.0,-0.24,0.01268,1,1,10,100000
0.0,0.0113,0.01398,1,1,10,100000
2.0,0.3947,0.01274,1,1,10,100000
4.0,0.5651,0.01523,1,1,10,100000
6.0,0.7544,0.02129,1,1,10,100000
8.0,0.9405,0.02903,1,1,10,100000
10.0,1.086,0.03752,1,1,10,100000
12.0,1.0615,0.06209,1,1,10,100000
14.0,0.7489,0.16774,1,1,10,100000
16.0,0.7806,0.19965,1,1,10,100000
-2.0,-0.1777,0.00967,1,1,10,250000
0.0,0.1506,0.00824,1,1,10,250000
2.0,0.3848,0.00862,1,1,10,250000
4.0,0.5661,0.01134,1,1,10,250000
6.0,0.7543,0.0147,1,1,10,250000
8.0,0.9477,0.01802,1,1,10,250000
10.0,1.1249,0.02183,1,1,10,250000
12.0,1.2184,0.03367,1,1,10,250000
14.0,1.1823,0.05859,1,1,10,250000
16.0,0.8146,0.18354,1,1,10,250000
-2.0,-0.1046,0.00725,1,1,10,1000000
0.0,0.0943,0.00506,1,1,10,1000000
2.0,0.3119,0.00607,1,1,10,1000000
4.0,0.5835,0.00802,1,1,10,1000000
6.0,0.7793,0.00921,1,1,10,1000000
8.0,0.9819,0.01073,1,1,10,1000000
10.0,1.1723,0.0144,1,1,10,1000000
12.0,1.3435,0.01949,1,1,10,1000000
14.0,1.4288,0.0286,1,1,10,1000000
16.0,1.4199,0.05176,1,1,10,1000000
-2.0,-0.1637,0.02447,2,1,10,50000
0.0,0.0219,0.01955,2,1,10,50000
2.0,0.442,0.02082,2,1,10,50000
4.0,0.6388,0.0239,2,1,10,50000
6.0,0.8311,0.03416,2,1,10,50000
8.0,0.9421,0.056,2,1,10,50000
10.0,0.7049,0.12443,2,1,10,50000
12.0,0.743,0.14903,2,1,10,50000
14.0,0.7856,0.17549,2,1,10,50000
16.0,0.8445,0.20902,2,1,10,50000
-2.0,-0.177,0.02243,2,1,10,100000
0.0,0.2362,0.01361,2,1,10,100000
2.0,0.4622,0.01285,2,1,10,100000
4.0,0.6299,0.01782,2,1,10,100000
6.0,0.8343,0.02372,2,1,10,100000
8.0,1.02,0.03356,2,1,10,100000
10.0,1.1098,0.0545,2,1,10,100000
12.0,0.7957,0.13548,2,1,10,100000
14.0,0.8549,0.16377,2,1,10,100000
16.0,0.876,0.19902,2,1,10,100000
2.0,0.4539,0.00952,2,1,10,250000
4.0,0.6349,0.01303,2,1,10,250000
6.0,0.8336,0.0163,2,1,10,250000
8.0,1.0328,0.02239,2,1,10,250000
10.0,1.2208,0.02706,2,1,10,250000
12.0,1.3821,0.02889,2,1,10,250000
14.0,1.4145,0.03855,2,1,10,250000
16.0,1.2871,0.08457,2,1,10,250000
-2.0,-0.0094,0.0091,2,1,10,1000000
0.0,0.2038,0.00846,2,1,10,1000000
2.0,0.4125,0.00762,2,1,10,1000000
4.0,0.6551,0.00887,2,1,10,1000000
6.0,0.8581,0.01015,2,1,10,1000000
8.0,1.0637,0.01204,2,1,10,1000000
10.0,1.2712,0.01346,2,1,10,1000000
12.0,1.4488,0.01752,2,1,10,1000000
14.0,1.5557,0.02526,2,1,10,1000000
16.0,1.5549,0.04319,2,1,10,1000000
-2.0,-0.1582,0.03174,3,1,10,50000
0.0,0.0688,0.02839,3,1,10,50000
2.0,0.5211,0.01933,3,1,10,50000
4.0,0.7144,0.02728,3,1,10,50000
6.0,0.8984,0.03904,3,1,10,50000
8.0,0.9508,0.06872,3,1,10,50000
10.0,0.7221,0.13196,3,1,10,50000
12.0,0.7814,0.15786,3,1,10,50000
14.0,0.8489,0.18658,3,1,10,50000
16.0,0.9226,0.22023,3,1,10,50000
-2.0,-0.0721,0.02784,3,1,10,100000
0.0,0.3063,0.01731,3,1,10,100000
2.0,0.512,0.01513,3,1,10,100000
4.0,0.7067,0.02029,3,1,10,100000
6.0,0.9118,0.02723,3,1,10,100000
8.0,1.088,0.03808,3,1,10,100000
10.0,1.0309,0.0779,3,1,10,100000
12.0,0.8718,0.14371,3,1,10,100000
14.0,0.8454,0.16966,3,1,10,100000
16.0,0.9038,0.19604,3,1,10,100000
-2.0,0.0987,0.02108,3,1,10,250000
0.0,0.3069,0.01409,3,1,10,250000
2.0,0.4971,0.01453,3,1,10,250000
4.0,0.711,0.01476,3,1,10,250000
6.0,0.9139,0.0184,3,1,10,250000
8.0,1.1109,0.02543,3,1,10,250000
10.0,1.2807,0.03488,3,1,10,250000
12.0,1.3589,0.05068,3,1,10,250000
16.0,1.4532,0.06763,3,1,10,250000
-2.0,-0.1742,0.04124,4,1,10,50000
0.0,0.3454,0.0266,4,1,10,50000
2.0,0.5742,0.02305,4,1,10,50000
4.0,0.7921,0.03153,4,1,10,50000
6.0,0.9527,0.04562,4,1,10,50000
10.0,0.7337,0.14124,4,1,10,50000
12.0,0.7862,0.16423,4,1,10,50000
14.0,0.8402,0.18732,4,1,10,50000
16.0,0.9026,0.21087,4,1,10,50000
-2.0,0.1349,0.0316,4,1,10,100000
0.0,0.3831,0.01804,4,1,10,100000
2.0,0.5698,0.02112,4,1,10,100000
4.0,0.7882,0.02332,4,1,10,100000
6.0,0.988,0.03099,4,1,10,100000
8.0,1.1426,0.04514,4,1,10,100000
10.0,0.3127,0.06166,4,1,10,100000
12.0,0.3751,0.077,4,1,10,100000
14.0,0.4364,0.09373,4,1,10,100000
16.0,0.4918,0.11211,4,1,10,100000
-2.0,0.1834,0.02544,4,1,10,250000
0.0,0.3733,0.02407,4,1,10,250000
2.0,0.5804,0.01672,4,1,10,250000
4.0,0.7906,0.01673,4,1,10,250000
6.0,0.9934,0.02288,4,1,10,250000
8.0,1.1837,0.02928,4,1,10,250000
10.0,1.324,0.04202,4,1,10,250000
12.0,1.2667,0.07256,4,1,10,250000
16.0,1.4893,0.07211,4,1,10,250000
-2.0,0.1683,0.02674,4,1,10,1000000
0.0,0.3247,0.0,4,1,10,1000000
2.0,0.5046,0.0,4,1,10,1000000
4.0,0.6716,1e-05,4,1,10,1000000
6.0,0.7311,0.0001,4,1,10,1000000
8.0,0.7794,0.0007,4,1,10,1000000
10.0,0.8431,0.00219,4,1,10,1000000
12.0,0.892,0.00559,4,1,10,1000000
14.0,0.8427,0.01656,4,1,10,1000000
16.0,1.5919,0.05808,4,1,10,1000000
-2.0,-0.0617,0.01826,1,2,10,50000
0.0,-0.0111,0.01805,1,2,10,50000
2.0,0.2718,0.0227,1,2,10,50000
4.0,0.5912,0.02268,1,2,10,50000
6.0,0.7721,0.02789,1,2,10,50000
8.0,0.9223,0.0377,1,2,10,50000
10.0,0.9494,0.06868,1,2,10,50000
12.0,0.7021,0.14769,1,2,10,50000
14.0,0.7311,0.17827,1,2,10,50000
16.0,0.7762,0.20875,1,2,10,50000
-2.0,-0.2205,0.01317,1,2,10,100000
0.0,0.0318,0.01399,1,2,10,100000
2.0,0.3999,0.013,1,2,10,100000
4.0,0.5809,0.01493,1,2,10,100000
6.0,0.7651,0.01865,1,2,10,100000
8.0,0.9225,0.02572,1,2,10,100000
10.0,1.052,0.04459,1,2,10,100000
12.0,0.8864,0.09037,1,2,10,100000
14.0,0.7719,0.169,1,2,10,100000
16.0,0.819,0.20893,1,2,10,100000
-2.0,-0.1778,0.00881,1,2,10,250000
0.0,0.1645,0.0083,1,2,10,250000
2.0,0.3886,0.00843,1,2,10,250000
4.0,0.5758,0.01046,1,2,10,250000
6.0,0.7674,0.01276,1,2,10,250000
8.0,0.9411,0.01833,1,2,10,250000
10.0,1.0905,0.02802,1,2,10,250000
12.0,1.1419,0.04572,1,2,10,250000
14.0,0.9785,0.09569,1,2,10,250000
16.0,0.8079,0.18983,1,2,10,250000
-2.0,-0.1084,0.00584,1,2,10,1000000
0.0,0.099,0.00481,1,2,10,1000000
2.0,0.3221,0.00571,1,2,10,1000000
4.0,0.5885,0.00723,1,2,10,1000000
6.0,0.7819,0.00902,1,2,10,1000000
8.0,0.9737,0.01222,1,2,10,1000000
10.0,1.1653,0.01568,1,2,10,1000000
12.0,1.3232,0.02152,1,2,10,1000000
14.0,1.3651,0.03375,1,2,10,1000000
16.0,1.3365,0.06366,1,2,10,1000000
-2.0,-0.156,0.0212,2,2,10,50000
0.0,0.0169,0.01985,2,2,10,50000
2.0,0.4472,0.02218,2,2,10,50000
4.0,0.6661,0.02436,2,2,10,50000
6.0,0.8542,0.0321,2,2,10,50000
8.0,1.0028,0.04325,2,2,10,50000
10.0,1.1387,0.04807,2,2,10,50000
12.0,1.0169,0.087,2,2,10,50000
14.0,0.7875,0.1764,2,2,10,50000
16.0,0.8378,0.21125,2,2,10,50000
-2.0,-0.1629,0.01854,2,2,10,100000
0.0,0.2219,0.01408,2,2,10,100000
2.0,0.4713,0.01305,2,2,10,100000
4.0,0.6594,0.01617,2,2,10,100000
6.0,0.8614,0.02078,2,2,10,100000
8.0,1.0482,0.02468,2,2,10,100000
10.0,1.1634,0.03109,2,2,10,100000
12.0,1.2271,0.05237,2,2,10,100000
14.0,1.0586,0.09608,2,2,10,100000
16.0,0.4751,0.11686,2,2,10,100000
-2.0,-0.0049,0.01133,2,2,10,250000
0.0,0.2746,0.00794,2,2,10,250000
2.0,0.4645,0.00888,2,2,10,250000
4.0,0.6538,0.01132,2,2,10,250000
6.0,0.8569,0.01369,2,2,10,250000
8.0,1.0549,0.01566,2,2,10,250000
10.0,1.1922,0.02375,2,2,10,250000
12.0,1.2593,0.03573,2,2,10,250000
14.0,1.2586,0.05714,2,2,10,250000
16.0,1.1303,0.10653,2,2,10,250000
-2.0,-0.0032,0.00734,2,2,10,1000000
0.0,0.202,0.00539,2,2,10,1000000
4.0,0.6682,0.0075,2,2,10,1000000
6.0,0.8757,0.00858,2,2,10,1000000
8.0,1.0764,0.01117,2,2,10,1000000
10.0,1.2605,0.01542,2,2,10,1000000
12.0,1.4226,0.02035,2,2,10,1000000
14.0,1.4807,0.03033,2,2,10,1000000
16.0,1.4543,0.05732,2,2,10,1000000
-2.0,-0.1329,0.0306,3,2,10,50000
0.0,0.1367,0.02297,3,2,10,50000
2.0,0.5433,0.02163,3,2,10,50000
4.0,0.7438,0.02637,3,2,10,50000
6.0,0.9197,0.03643,3,2,10,50000
8.0,0.9964,0.05916,3,2,10,50000
12.0,0.8014,0.1451,3,2,10,50000
14.0,0.8458,0.17403,3,2,10,50000
16.0,0.8857,0.20721,3,2,10,50000
-2.0,-0.0252,0.02397,3,2,10,100000
0.0,0.3387,0.01363,3,2,10,100000
2.0,0.5441,0.0137,3,2,10,100000
4.0,0.7417,0.0177,3,2,10,100000
6.0,0.9479,0.02267,3,2,10,100000
8.0,1.1413,0.02944,3,2,10,100000
10.0,1.3112,0.0323,3,2,10,100000
12.0,1.3217,0.03943,3,2,10,100000
14.0,1.2866,0.0656,3,2,10,100000
16.0,1.1658,0.11455,3,2,10,100000
-2.0,0.1119,0.01313,3,2,10,250000
0.0,0.3495,0.008,3,2,10,250000
2.0,0.5377,0.00987,3,2,10,250000
4.0,0.7367,0.01248,3,2,10,250000
6.0,0.946,0.01496,3,2,10,250000
8.0,1.1493,0.0178,3,2,10,250000
10.0,1.3335,0.01899,3,2,10,250000
12.0,1.3638,0.03202,3,2,10,250000
14.0,1.3392,0.0561,3,2,10,250000
16.0,1.281,0.09091,3,2,10,250000
-2.0,0.0955,0.00803,3,2,10,1000000
2.0,0.5452,0.0071,3,2,10,1000000
4.0,0.7534,0.00806,3,2,10,1000000
6.0,0.9657,0.00938,3,2,10,1000000
8.0,1.181,0.01032,3,2,10,1000000
10.0,1.3567,0.01511,3,2,10,1000000
12.0,1.5094,0.02034,3,2,10,1000000
14.0,1.5756,0.02921,3,2,10,1000000
16.0,1.5227,0.05869,3,2,10,1000000
0.0,0.3262,0.02747,4,2,10,50000
2.0,0.624,0.02228,4,2,10,50000
4.0,0.8236,0.02874,4,2,10,50000
6.0,0.976,0.04182,4,2,10,50000
10.0,0.7689,0.12618,4,2,10,50000
12.0,0.8373,0.15008,4,2,10,50000
14.0,0.9193,0.18109,4,2,10,50000
16.0,0.9506,0.20805,4,2,10,50000
0.0,0.411,0.01685,4,2,10,100000
4.0,0.8264,0.01936,4,2,10,100000
6.0,1.0321,0.02464,4,2,10,100000
8.0,1.2165,0.03273,4,2,10,100000
10.0,1.3489,0.04595,4,2,10,100000
14.0,1.3978,0.06141,4,2,10,100000
16.0,1.2629,0.10882,4,2,10,100000
-2.0,0.2075,0.01732,4,2,10,250000
0.0,0.4145,0.01197,4,2,10,250000
2.0,0.6153,0.01126,4,2,10,250000
4.0,0.8233,0.01353,4,2,10,250000
6.0,1.034,0.01618,4,2,10,250000
8.0,1.2404,0.02003,4,2,10,250000
10.0,1.428,0.02243,4,2,10,250000
12.0,1.5282,0.02582,4,2,10,250000
14.0,1.4437,0.05349,4,2,10,250000
16.0,1.3249,0.09868,4,2,10,250000
-2.0,0.1929,0.00914,4,2,10,1000000
0.0,0.4064,0.0093,4,2,10,1000000
2.0,0.6287,0.00774,4,2,10,1000000
4.0,0.8453,0.00866,4,2,10,1000000
6.0,1.0576,0.01014,4,2,10,1000000
8.0,1.2702,0.01128,4,2,10,1000000
10.0,1.4765,0.01256,4,2,10,1000000
12.0,1.5867,0.02067,4,2,10,1000000
14.0,1.6449,0.03029,4,2,10,1000000
16.0,1.5614,0.06419,4,2,10,1000000
-2.0,-0.0731,0.01816,1,3,10,50000
0.0,-0.0175,0.01816,1,3,10,50000
2.0,0.2301,0.02344,1,3,10,50000
4.0,0.5916,0.02398,1,3,10,50000
6.0,0.7679,0.02564,1,3,10,50000
8.0,0.9162,0.04018,1,3,10,50000
10.0,0.9066,0.07528,1,3,10,50000
12.0,0.7048,0.15039,1,3,10,50000
14.0,0.7377,0.17982,1,3,10,50000
16.0,0.7791,0.20857,1,3,10,50000
-2.0,-0.2174,0.01321,1,3,10,100000
0.0,0.0287,0.01414,1,3,10,100000
2.0,0.405,0.01336,1,3,10,100000
4.0,0.5906,0.01458,1,3,10,100000
6.0,0.7642,0.01746,1,3,10,100000
8.0,0.9196,0.02939,1,3,10,100000
10.0,1.0226,0.05123,1,3,10,100000
12.0,0.8353,0.10399,1,3,10,100000
14.0,0.7826,0.17427,1,3,10,100000
16.0,0.8002,0.20608,1,3,10,100000
-2.0,-0.1662,0.00879,1,3,10,250000
0.0,0.1646,0.0083,1,3,10,250000
2.0,0.3932,0.00831,1,3,10,250000
4.0,0.5826,0.01002,1,3,10,250000
6.0,0.7673,0.01299,1,3,10,250000
8.0,0.9334,0.02006,1,3,10,250000
10.0,1.0853,0.03095,1,3,10,250000
12.0,1.0902,0.05304,1,3,10,250000
14.0,0.4367,0.06545,1,3,10,250000
16.0,0.4299,0.11033,1,3,10,250000
-2.0,-0.1015,0.00579,1,3,10,1000000
0.0,0.1072,0.00475,1,3,10,1000000
2.0,0.3325,0.00554,1,3,10,1000000
4.0,0.5917,0.00698,1,3,10,1000000
6.0,0.7795,0.00965,1,3,10,1000000
8.0,0.976,0.01244,1,3,10,1000000
10.0,1.1636,0.01629,1,3,10,1000000
12.0,1.3161,0.02242,1,3,10,1000000
14.0,1.3421,0.03629,1,3,10,1000000
16.0,1.3143,0.06635,1,3,10,1000000
-2.0,-0.1157,0.01791,2,3,10,50000
0.0,0.0104,0.02026,2,3,10,50000
2.0,0.3845,0.02554,2,3,10,50000
4.0,0.6631,0.02715,2,3,10,50000
6.0,0.8634,0.03048,2,3,10,50000
8.0,1.0157,0.03219,2,3,10,50000
10.0,1.1349,0.05413,2,3,10,50000
12.0,0.8949,0.11417,2,3,10,50000
14.0,0.4005,0.09795,2,3,10,50000
16.0,0.4609,0.12337,2,3,10,50000
-2.0,-0.1558,0.01444,2,3,10,100000
0.0,0.2057,0.01475,2,3,10,100000
2.0,0.483,0.01363,2,3,10,100000
4.0,0.6804,0.01566,2,3,10,100000
6.0,0.874,0.01845,2,3,10,100000
8.0,1.0148,0.02365,2,3,10,100000
10.0,1.1535,0.03895,2,3,10,100000
12.0,1.1329,0.07037,2,3,10,100000
14.0,0.4197,0.09134,2,3,10,100000
16.0,0.4857,0.11786,2,3,10,100000
-2.0,-0.0077,0.00925,2,3,10,250000
0.0,0.2824,0.0079,2,3,10,250000
2.0,0.4754,0.00859,2,3,10,250000
4.0,0.6717,0.01045,2,3,10,250000
6.0,0.8718,0.01232,2,3,10,250000
8.0,1.0389,0.01793,2,3,10,250000
10.0,1.1706,0.02702,2,3,10,250000
12.0,1.2432,0.04203,2,3,10,250000
14.0,1.1728,0.07199,2,3,10,250000
16.0,0.8774,0.18648,2,3,10,250000
-2.0,0.008,0.0067,2,3,10,1000000
0.0,0.2148,0.00502,2,3,10,1000000
2.0,0.4734,0.00584,2,3,10,1000000
4.0,0.6791,0.00688,2,3,10,1000000
6.0,0.882,0.00884,2,3,10,1000000
8.0,1.0733,0.01265,2,3,10,1000000
10.0,1.258,0.01643,2,3,10,1000000
12.0,1.4098,0.02156,2,3,10,1000000
14.0,1.4496,0.03326,2,3,10,1000000
16.0,1.4292,0.05949,2,3,10,1000000
-2.0,-0.1198,0.02671,3,3,10,50000
0.0,0.1246,0.024,3,3,10,50000
2.0,0.5039,0.02688,3,3,10,50000
4.0,0.7309,0.03055,3,3,10,50000
6.0,0.9018,0.03897,3,3,10,50000
8.0,1.1092,0.04053,3,3,10,50000
10.0,1.2189,0.04202,3,3,10,50000
12.0,1.2221,0.06945,3,3,10,50000
14.0,0.9213,0.15823,3,3,10,50000
0.0,0.34,0.01457,3,3,10,100000
2.0,0.5666,0.01412,3,3,10,100000
4.0,0.7719,0.01679,3,3,10,100000
6.0,0.9741,0.02048,3,3,10,100000
8.0,1.1566,0.02244,3,3,10,100000
10.0,1.2151,0.03265,3,3,10,100000
12.0,1.299,0.05211,3,3,10,100000
14.0,1.1913,0.0861,3,3,10,100000
16.0,0.5221,0.1183,3,3,10,100000
-2.0,0.1217,0.01114,3,3,10,250000
0.0,0.3636,0.00791,3,3,10,250000
2.0,0.5599,0.00915,3,3,10,250000
4.0,0.7652,0.01108,3,3,10,250000
6.0,0.9717,0.01302,3,3,10,250000
8.0,1.1635,0.01505,3,3,10,250000
10.0,1.2599,0.02506,3,3,10,250000
12.0,1.3073,0.03832,3,3,10,250000
14.0,1.3061,0.06147,3,3,10,250000
16.0,1.1939,0.10619,3,3,10,250000
-2.0,0.1141,0.00718,3,3,10,1000000
0.0,0.326,0.00575,3,3,10,1000000
2.0,0.5616,0.00619,3,3,10,1000000
4.0,0.7747,0.00713,3,3,10,1000000
6.0,0.9897,0.00828,3,3,10,1000000
8.0,1.1758,0.01242,3,3,10,1000000
10.0,1.3523,0.01655,3,3,10,1000000
12.0,1.4738,0.02249,3,3,10,1000000
14.0,1.5258,0.03379,3,3,10,1000000
16.0,1.5165,0.05825,3,3,10,1000000
-2.0,-0.111,0.03691,4,3,10,50000
0.0,0.2875,0.02697,4,3,10,50000
2.0,0.5983,0.02843,4,3,10,50000
4.0,0.7953,0.03447,4,3,10,50000
6.0,0.8969,0.05049,4,3,10,50000
8.0,0.9118,0.07692,4,3,10,50000
10.0,1.2797,0.05491,4,3,10,50000
12.0,1.3131,0.05589,4,3,10,50000
-2.0,0.1319,0.02316,4,3,10,100000
0.0,0.4407,0.01435,4,3,10,100000
2.0,0.6555,0.01487,4,3,10,100000
4.0,0.8649,0.01801,4,3,10,100000
6.0,1.0662,0.02242,4,3,10,100000
8.0,1.2563,0.02642,4,3,10,100000
10.0,1.3827,0.02631,4,3,10,100000
12.0,1.3189,0.04709,4,3,10,100000
14.0,1.3606,0.07262,4,3,10,100000
16.0,1.2064,0.12061,4,3,10,100000
-2.0,0.2275,0.01222,4,3,10,250000
0.0,0.4489,0.00823,4,3,10,250000
2.0,0.65,0.00989,4,3,10,250000
4.0,0.8603,0.01195,4,3,10,250000
6.0,1.0724,0.01432,4,3,10,250000
8.0,1.266,0.01598,4,3,10,250000
10.0,1.37,0.02303,4,3,10,250000
12.0,1.3743,0.03847,4,3,10,250000
14.0,1.3671,0.06106,4,3,10,250000
16.0,1.3429,0.09064,4,3,10,250000
-2.0,0.2192,0.00766,4,3,10,1000000
0.0,0.4369,0.00761,4,3,10,1000000
2.0,0.6561,0.00666,4,3,10,1000000
4.0,0.8742,0.00762,4,3,10,1000000
6.0,1.0912,0.00862,4,3,10,1000000
8.0,1.2916,0.01095,4,3,10,1000000
10.0,1.4424,0.01688,4,3,10,1000000
12.0,1.5424,0.02336,4,3,10,1000000
14.0,1.6001,0.03471,4,3,10,1000000
16.0,1.5185,0.06874,4,3,10,1000000
-2.0,-0.0814,0.01825,1,4,10,50000
0.0,-0.0235,0.01825,1,4,10,50000
2.0,0.1732,0.02348,1,4,10,50000
4.0,0.5828,0.02461,1,4,10,50000
6.0,0.7579,0.02495,1,4,10,50000
8.0,0.9177,0.04268,1,4,10,50000
10.0,0.8855,0.08014,1,4,10,50000
12.0,0.7026,0.15069,1,4,10,50000
14.0,0.7906,0.19191,1,4,10,50000
16.0,0.8053,0.21595,1,4,10,50000
-2.0,-0.2354,0.01307,1,4,10,100000
0.0,0.0114,0.01435,1,4,10,100000
2.0,0.4014,0.01401,1,4,10,100000
4.0,0.5964,0.0142,1,4,10,100000
6.0,0.7556,0.01833,1,4,10,100000
8.0,0.9215,0.03096,1,4,10,100000
10.0,0.9965,0.05653,1,4,10,100000
12.0,0.3352,0.07015,1,4,10,100000
14.0,0.3976,0.09631,1,4,10,100000
16.0,0.4138,0.11577,1,4,10,100000
-2.0,-0.162,0.00906,1,4,10,250000
0.0,0.1687,0.00835,1,4,10,250000
2.0,0.3991,0.00817,1,4,10,250000
4.0,0.5883,0.00972,1,4,10,250000
6.0,0.7637,0.01397,1,4,10,250000
8.0,0.9335,0.02088,1,4,10,250000
10.0,1.0846,0.03296,1,4,10,250000
12.0,1.0532,0.05827,1,4,10,250000
14.0,0.7717,0.16172,1,4,10,250000
16.0,0.8037,0.1968,1,4,10,250000
-2.0,-0.0925,0.00575,1,4,10,1000000
0.0,0.1176,0.0047,1,4,10,1000000
2.0,0.3391,0.00534,1,4,10,1000000
4.0,0.5925,0.00716,1,4,10,1000000
6.0,0.7811,0.00993,1,4,10,1000000
8.0,0.9794,0.01266,1,4,10,1000000
10.0,1.1621,0.01707,1,4,10,1000000
12.0,1.3157,0.02294,1,4,10,1000000
14.0,1.3309,0.03793,1,4,10,1000000
16.0,1.3023,0.06804,1,4,10,1000000
-2.0,-0.1362,0.01812,2,4,10,50000
0.0,0.008,0.02047,2,4,10,50000
2.0,0.2934,0.02722,2,4,10,50000
4.0,0.6248,0.03031,2,4,10,50000
6.0,0.8695,0.02721,2,4,10,50000
8.0,1.0072,0.03566,2,4,10,50000
10.0,1.1004,0.06295,2,4,10,50000
12.0,0.8842,0.1226,2,4,10,50000
14.0,0.8392,0.18962,2,4,10,50000
16.0,0.8483,0.2142,2,4,10,50000
-2.0,-0.1585,0.01438,2,4,10,100000
0.0,0.1695,0.01574,2,4,10,100000
2.0,0.4881,0.01486,2,4,10,100000
4.0,0.6963,0.01533,2,4,10,100000
6.0,0.8795,0.01698,2,4,10,100000
8.0,1.0053,0.02787,2,4,10,100000
10.0,1.1525,0.04521,2,4,10,100000
12.0,1.0463,0.07879,2,4,10,100000
14.0,0.8468,0.16964,2,4,10,100000
16.0,0.8684,0.20703,2,4,10,100000
-2.0,0.0051,0.00956,2,4,10,250000
0.0,0.2926,0.008,2,4,10,250000
2.0,0.4898,0.00834,2,4,10,250000
4.0,0.6885,0.00979,2,4,10,250000
6.0,0.8786,0.01233,2,4,10,250000
8.0,1.0311,0.01984,2,4,10,250000
10.0,1.1702,0.0304,2,4,10,250000
12.0,1.2232,0.04804,2,4,10,250000
14.0,1.0489,0.09513,2,4,10,250000
-2.0,0.0239,0.00625,2,4,10,1000000
0.0,0.2355,0.00489,2,4,10,1000000
2.0,0.4865,0.0054,2,4,10,1000000
4.0,0.6898,0.00668,2,4,10,1000000
6.0,0.8852,0.00986,2,4,10,1000000
8.0,1.0818,0.01296,2,4,10,1000000
10.0,1.2576,0.01745,2,4,10,1000000
12.0,1.4038,0.02241,2,4,10,1000000
14.0,1.4447,0.03437,2,4,10,1000000
16.0,1.4232,0.05983,2,4,10,1000000
-2.0,-0.1113,0.0245,3,4,10,50000
0.0,0.0505,0.02386,3,4,10,50000
2.0,0.3833,0.03127,3,4,10,50000
4.0,0.6672,0.03623,3,4,10,50000
6.0,0.8914,0.03897,3,4,10,50000
8.0,1.1076,0.03017,3,4,10,50000
10.0,1.2303,0.05207,3,4,10,50000
12.0,1.1027,0.0885,3,4,10,50000
14.0,0.4698,0.10399,3,4,10,50000
16.0,0.5007,0.12591,3,4,10,50000
-2.0,-0.0253,0.01895,3,4,10,100000
0.0,0.3171,0.01658,3,4,10,100000
2.0,0.5814,0.01578,3,4,10,100000
4.0,0.7937,0.0168,3,4,10,100000
6.0,0.9921,0.01821,3,4,10,100000
8.0,1.1089,0.02375,3,4,10,100000
10.0,1.2346,0.03908,3,4,10,100000
12.0,1.2482,0.06395,3,4,10,100000
14.0,1.0264,0.11988,3,4,10,100000
16.0,0.5268,0.11984,3,4,10,100000
-2.0,0.1357,0.0106,3,4,10,250000
0.0,0.3804,0.00805,3,4,10,250000
2.0,0.5869,0.00873,3,4,10,250000
4.0,0.7948,0.01021,3,4,10,250000
6.0,0.9928,0.01203,3,4,10,250000
8.0,1.1348,0.01888,3,4,10,250000
10.0,1.2367,0.02796,3,4,10,250000
12.0,1.3192,0.04208,3,4,10,250000
14.0,1.2574,0.07197,3,4,10,250000
16.0,0.545,0.10233,3,4,10,250000
-2.0,0.139,0.00661,3,4,10,1000000
0.0,0.3548,0.00538,3,4,10,1000000
2.0,0.5842,0.00554,3,4,10,1000000
4.0,0.7982,0.00669,3,4,10,1000000
6.0,0.999,0.00937,3,4,10,1000000
8.0,1.1835,0.01339,3,4,10,1000000
10.0,1.3517,0.01772,3,4,10,1000000
12.0,1.4508,0.02457,3,4,10,1000000
14.0,1.5153,0.03547,3,4,10,1000000
16.0,1.5149,0.05764,3,4,10,1000000
-2.0,-0.0888,0.03243,4,4,10,50000
0.0,0.1802,0.02885,4,4,10,50000
2.0,0.4702,0.0358,4,4,10,50000
4.0,0.6719,0.04383,4,4,10,50000
6.0,0.8382,0.05412,4,4,10,50000
8.0,1.1849,0.04107,4,4,10,50000
10.0,1.263,0.04343,4,4,10,50000
12.0,1.3398,0.07144,4,4,10,50000
14.0,1.0378,0.14376,4,4,10,50000
16.0,0.9543,0.21342,4,4,10,50000
-2.0,0.1168,0.02209,4,4,10,100000
2.0,0.6735,0.01695,4,4,10,100000
4.0,0.8923,0.0183,4,4,10,100000
6.0,1.0971,0.02058,4,4,10,100000
8.0,1.2633,0.02124,4,4,10,100000
10.0,1.2635,0.03602,4,4,10,100000
12.0,1.3753,0.05435,4,4,10,100000
14.0,1.2843,0.08712,4,4,10,100000
16.0,0.9753,0.20251,4,4,10,100000
-2.0,0.2536,0.0112,4,4,10,250000
0.0,0.4766,0.00835,4,4,10,250000
2.0,0.6903,0.00924,4,4,10,250000
4.0,0.9021,0.01083,4,4,10,250000
6.0,1.1031,0.01249,4,4,10,250000
8.0,1.257,0.01672,4,4,10,250000
10.0,1.3126,0.0275,4,4,10,250000
12.0,1.3637,0.04155,4,4,10,250000
14.0,1.3792,0.06354,4,4,10,250000
16.0,1.2612,0.10706,4,4,10,250000
-2.0,0.2535,0.0069,4,4,10,1000000
0.0,0.4736,0.00637,4,4,10,1000000
2.0,0.692,0.00582,4,4,10,1000000
4.0,0.9099,0.00685,4,4,10,1000000
6.0,1.1175,0.00865,4,4,10,1000000
8.0,1.283,0.01383,4,4,10,1000000
10.0,1.4346,0.01827,4,4,10,1000000
12.0,1.5198,0.02564,4,4,10,1000000
14.0,1.5772,0.03776,4,4,10,1000000
16.0,1.5543,0.06282,4,4,10,1000000
-2.0,0.0075,0.02235,1,1,12,50000
0.0,-0.0559,0.02141,1,1,12,50000
2.0,0.3697,0.0244,1,1,12,50000
4.0,0.5976,0.02303,1,1,12,50000
6.0,0.7694,0.03109,1,1,12,50000
8.0,0.9019,0.04598,1,1,12,50000
12.0,0.6468,0.14413,1,1,12,50000
14.0,0.6872,0.1717,1,1,12,50000
16.0,0.7446,0.2017,1,1,12,50000
-2.0,-0.3004,0.01477,1,1,12,100000
0.0,0.1901,0.01626,1,1,12,100000
2.0,0.4305,0.01396,1,1,12,100000
4.0,0.5951,0.01589,1,1,12,100000
6.0,0.7673,0.02118,1,1,12,100000
8.0,0.9504,0.02837,1,1,12,100000
10.0,1.101,0.03937,1,1,12,100000
12.0,0.734,0.12436,1,1,12,100000
14.0,0.7753,0.16273,1,1,12,100000
16.0,0.7495,0.19307,1,1,12,100000
-2.0,-0.1311,0.00937,1,1,12,250000
0.0,0.0981,0.00871,1,1,12,250000
4.0,0.6006,0.01166,1,1,12,250000
6.0,0.7718,0.01472,1,1,12,250000
8.0,0.9519,0.01864,1,1,12,250000
10.0,1.1281,0.02193,1,1,12,250000
14.0,1.3027,0.03909,1,1,12,250000
16.0,1.2586,0.06785,1,1,12,250000
-2.0,-0.115,0.00632,1,1,12,1000000
0.0,0.0951,0.00564,1,1,12,1000000
2.0,0.3058,0.00626,1,1,12,1000000
4.0,0.5463,0.00814,1,1,12,1000000
6.0,0.8101,0.00975,1,1,12,1000000
8.0,0.9932,0.01125,1,1,12,1000000
10.0,1.1878,0.01292,1,1,12,1000000
12.0,1.3595,0.01691,1,1,12,1000000
14.0,1.4809,0.0227,1,1,12,1000000
16.0,1.5189,0.03577,1,1,12,1000000
-2.0,-0.2092,0.02479,2,1,12,50000
0.0,-0.0193,0.02365,2,1,12,50000
2.0,0.4731,0.0225,2,1,12,50000
4.0,0.654,0.02476,2,1,12,50000
6.0,0.8313,0.03461,2,1,12,50000
8.0,0.9098,0.05633,2,1,12,50000
12.0,0.6843,0.15028,2,1,12,50000
14.0,0.7296,0.17356,2,1,12,50000
16.0,0.7986,0.20221,2,1,12,50000
-2.0,-0.1482,0.02152,2,1,12,100000
0.0,0.3161,0.01452,2,1,12,100000
2.0,0.4922,0.01399,2,1,12,100000
4.0,0.6463,0.01799,2,1,12,100000
6.0,0.8387,0.02368,2,1,12,100000
8.0,1.0205,0.03247,2,1,12,100000
10.0,1.1349,0.04911,2,1,12,100000
14.0,0.7857,0.16312,2,1,12,100000
16.0,0.8012,0.1905,2,1,12,100000
-2.0,0.0159,0.01376,2,1,12,250000
0.0,0.1927,0.00849,2,1,12,250000
2.0,0.4904,0.01027,2,1,12,250000
4.0,0.6563,0.01335,2,1,12,250000
6.0,0.8379,0.01644,2,1,12,250000
8.0,1.0309,0.0212,2,1,12,250000
10.0,1.2144,0.02764,2,1,12,250000
12.0,1.3598,0.0371,2,1,12,250000
14.0,1.4586,0.04126,2,1,12,250000
16.0,1.5017,0.04753,2,1,12,250000
-2.0,-0.0095,0.00871,2,1,12,1000000
0.0,0.2069,0.00864,2,1,12,1000000
2.0,0.3944,0.00763,2,1,12,1000000
4.0,0.6708,0.00927,2,1,12,1000000
6.0,0.8759,0.01043,2,1,12,1000000
8.0,1.0673,0.01223,2,1,12,1000000
10.0,1.2505,0.01584,2,1,12,1000000
12.0,1.4539,0.01626,2,1,12,1000000
14.0,1.6206,0.01871,2,1,12,1000000
16.0,1.6513,0.03076,2,1,12,1000000
-2.0,-0.2031,0.03305,3,1,12,50000
0.0,0.1443,0.03029,3,1,12,50000
2.0,0.5394,0.0213,3,1,12,50000
4.0,0.7187,0.02775,3,1,12,50000
6.0,0.8906,0.03941,3,1,12,50000
8.0,0.8031,0.08069,3,1,12,50000
10.0,0.6414,0.13388,3,1,12,50000
12.0,0.7037,0.15675,3,1,12,50000
14.0,0.7625,0.18126,3,1,12,50000
16.0,0.8364,0.20711,3,1,12,50000
-2.0,-0.0016,0.02578,3,1,12,100000
0.0,0.3099,0.01716,3,1,12,100000
2.0,0.5453,0.01481,3,1,12,100000
4.0,0.7114,0.02044,3,1,12,100000
6.0,0.9113,0.02693,3,1,12,100000
8.0,1.0875,0.03754,3,1,12,100000
10.0,1.1662,0.05773,3,1,12,100000
12.0,0.8085,0.14565,3,1,12,100000
14.0,0.7875,0.17075,3,1,12,100000
16.0,0.8372,0.19502,3,1,12,100000
-2.0,0.1023,0.01876,3,1,12,250000
0.0,0.3138,0.01345,3,1,12,250000
2.0,0.5405,0.01241,3,1,12,250000
4.0,0.7189,0.01493,3,1,12,250000
6.0,0.9102,0.01865,3,1,12,250000
8.0,1.1051,0.02452,3,1,12,250000
10.0,1.2782,0.03262,3,1,12,250000
12.0,1.381,0.04493,3,1,12,250000
16.0,0.4901,0.10636,3,1,12,250000
-2.0,0.0908,0.0119,3,1,12,1000000
0.0,0.2936,0.01118,3,1,12,1000000
2.0,0.5118,0.01112,3,1,12,1000000
4.0,0.7564,0.00986,3,1,12,1000000
6.0,0.948,0.01138,3,1,12,1000000
8.0,1.1369,0.01439,3,1,12,1000000
10.0,1.3168,0.01947,3,1,12,1000000
12.0,1.4932,0.02243,3,1,12,1000000
14.0,1.6435,0.02293,3,1,12,1000000
16.0,1.7919,0.02586,3,1,12,1000000
-2.0,-0.2499,0.04474,4,1,12,50000
0.0,0.3422,0.02868,4,1,12,50000
4.0,0.7884,0.03145,4,1,12,50000
6.0,0.9523,0.04525,4,1,12,50000
10.0,0.661,0.14401,4,1,12,50000
12.0,0.7642,0.17176,4,1,12,50000
14.0,0.7855,0.18816,4,1,12,50000
16.0,0.8588,0.21257,4,1,12,50000
0.0,0.3952,0.01906,4,1,12,100000
2.0,0.5662,0.02078,4,1,12,100000
4.0,0.7863,0.02321,4,1,12,100000
6.0,0.9843,0.03184,4,1,12,100000
8.0,1.1292,0.04447,4,1,12,100000
12.0,0.7605,0.15567,4,1,12,100000
14.0,0.8093,0.1795,4,1,12,100000
16.0,0.8956,0.20862,4,1,12,100000
-2.0,0.1711,6e-05,4,1,12,250000
0.0,0.3144,6e-05,4,1,12,250000
4.0,0.6122,0.00012,4,1,12,250000
12.0,1.3019,0.0584,4,1,12,250000
14.0,0.8994,0.16512,4,1,12,250000
16.0,0.911,0.18927,4,1,12,250000
-2.0,0.1708,0.0225,4,1,12,1000000
-2.0,-0.0053,0.02217,1,2,12,50000
0.0,-0.0647,0.0215,1,2,12,50000
2.0,0.3841,0.02427,1,2,12,50000
4.0,0.6054,0.02506,1,2,12,50000
6.0,0.7769,0.03083,1,2,12,50000
8.0,0.9308,0.03862,1,2,12,50000
10.0,1.0234,0.05458,1,2,12,50000
14.0,0.6996,0.1751,1,2,12,50000
16.0,0.7731,0.21371,1,2,12,50000
-2.0,-0.3033,0.01493,1,2,12,100000
0.0,0.203,0.01598,1,2,12,100000
2.0,0.4349,0.01409,1,2,12,100000
4.0,0.6076,0.01607,1,2,12,100000
6.0,0.7859,0.01969,1,2,12,100000
8.0,0.95,0.02382,1,2,12,100000
10.0,1.0848,0.03283,1,2,12,100000
12.0,1.1598,0.05247,1,2,12,100000
14.0,0.791,0.14001,1,2,12,100000
16.0,0.76,0.1932,1,2,12,100000
-2.0,-0.1291,0.00929,1,2,12,250000
0.0,0.1053,0.00878,1,2,12,250000
2.0,0.4207,0.00972,1,2,12,250000
4.0,0.6069,0.0112,1,2,12,250000
6.0,0.7864,0.01328,1,2,12,250000
8.0,0.9638,0.01588,1,2,12,250000
10.0,1.1091,0.02221,1,2,12,250000
12.0,1.1985,0.03193,1,2,12,250000
14.0,1.2238,0.04891,1,2,12,250000
16.0,1.1333,0.08737,1,2,12,250000
-2.0,-0.1131,0.00605,1,2,12,1000000
0.0,0.1004,0.0055,1,2,12,1000000
2.0,0.3117,0.006,1,2,12,1000000
4.0,0.5578,0.00744,1,2,12,1000000
6.0,0.8184,0.0088,1,2,12,1000000
8.0,0.9931,0.01134,1,2,12,1000000
10.0,1.1741,0.01452,1,2,12,1000000
12.0,1.3379,0.01887,1,2,12,1000000
14.0,1.4466,0.02485,1,2,12,1000000
16.0,1.4667,0.04171,1,2,12,1000000
-2.0,-0.0895,0.02135,2,2,12,50000
0.0,0.0322,0.02433,2,2,12,50000
2.0,0.4735,0.0238,2,2,12,50000
4.0,0.6751,0.0265,2,2,12,50000
6.0,0.8339,0.03574,2,2,12,50000
8.0,0.9115,0.0544,2,2,12,50000
10.0,0.7331,0.10749,2,2,12,50000
12.0,0.709,0.14341,2,2,12,50000
14.0,0.7976,0.17892,2,2,12,50000
-2.0,-0.1447,0.01686,2,2,12,100000
0.0,0.3153,0.01474,2,2,12,100000
2.0,0.4973,0.0142,2,2,12,100000
4.0,0.6768,0.01722,2,2,12,100000
6.0,0.8687,0.02161,2,2,12,100000
8.0,1.0569,0.02676,2,2,12,100000
10.0,1.2147,0.0306,2,2,12,100000
12.0,1.2762,0.03727,2,2,12,100000
14.0,1.269,0.05783,2,2,12,100000
16.0,0.8526,0.17628,2,2,12,100000
-2.0,-0.0048,0.00943,2,2,12,250000
0.0,0.2216,0.00879,2,2,12,250000
2.0,0.4955,0.00986,2,2,12,250000
4.0,0.6745,0.01191,2,2,12,250000
6.0,0.8657,0.01422,2,2,12,250000
8.0,1.0588,0.01662,2,2,12,250000
10.0,1.2375,0.01875,2,2,12,250000
12.0,1.3177,0.02729,2,2,12,250000
14.0,1.326,0.04471,2,2,12,250000
16.0,1.2905,0.07359,2,2,12,250000
-2.0,-0.0034,0.00765,2,2,12,1000000
0.0,0.2024,0.00594,2,2,12,1000000
2.0,0.4133,0.00663,2,2,12,1000000
4.0,0.6952,0.008,2,2,12,1000000
6.0,0.8928,0.00895,2,2,12,1000000
8.0,1.0928,0.01025,2,2,12,1000000
10.0,1.2744,0.01378,2,2,12,1000000
12.0,1.4328,0.01831,2,2,12,1000000
14.0,1.5293,0.02483,2,2,12,1000000
16.0,1.5585,0.04047,2,2,12,1000000
-2.0,-0.1892,0.03119,3,2,12,50000
0.0,0.2148,0.02599,3,2,12,50000
2.0,0.5489,0.02373,3,2,12,50000
4.0,0.7402,0.02886,3,2,12,50000
6.0,0.9067,0.03912,3,2,12,50000
8.0,0.7837,0.08159,3,2,12,50000
10.0,0.6842,0.12282,3,2,12,50000
12.0,0.7877,0.15225,3,2,12,50000
14.0,0.7902,0.17174,3,2,12,50000
16.0,0.8401,0.19934,3,2,12,50000
-2.0,0.0359,0.02198,3,2,12,100000
0.0,0.3813,0.01417,3,2,12,100000
2.0,0.561,0.01487,3,2,12,100000
4.0,0.7511,0.0186,3,2,12,100000
6.0,0.9503,0.02346,3,2,12,100000
8.0,1.1364,0.03079,3,2,12,100000
10.0,1.2876,0.03922,3,2,12,100000
12.0,0.9514,0.10394,3,2,12,100000
14.0,1.429,0.04665,3,2,12,100000
16.0,1.3059,0.08369,3,2,12,100000
-2.0,0.1148,0.01289,3,2,12,250000
0.0,0.3188,0.00882,3,2,12,250000
4.0,0.7463,0.01288,3,2,12,250000
6.0,0.9483,0.01537,3,2,12,250000
8.0,1.1508,0.01852,3,2,12,250000
10.0,1.3363,0.02147,3,2,12,250000
12.0,1.4819,0.02311,3,2,12,250000
14.0,1.4772,0.03752,3,2,12,250000
16.0,1.3646,0.07617,3,2,12,250000
-2.0,0.0966,0.00835,3,2,12,1000000
0.0,0.3127,0.0082,3,2,12,1000000
2.0,0.5248,0.0074,3,2,12,1000000
4.0,0.7725,0.0084,3,2,12,1000000
6.0,0.9726,0.00964,3,2,12,1000000
8.0,1.1788,0.01107,3,2,12,1000000
10.0,1.3864,0.01223,3,2,12,1000000
12.0,1.5283,0.01759,3,2,12,1000000
14.0,1.6075,0.02524,3,2,12,1000000
16.0,1.6265,0.04193,3,2,12,1000000
-2.0,-0.1047,0.04063,4,2,12,50000
0.0,0.3635,0.02539,4,2,12,50000
2.0,0.6243,0.02442,4,2,12,50000
4.0,0.818,0.03112,4,2,12,50000
6.0,0.8998,0.04955,4,2,12,50000
8.0,0.6288,0.10992,4,2,12,50000
10.0,0.7213,0.13141,4,2,12,50000
12.0,0.7649,0.15196,4,2,12,50000
14.0,0.8527,0.17882,4,2,12,50000
16.0,0.884,0.20028,4,2,12,50000
-2.0,0.1735,0.02608,4,2,12,100000
0.0,0.4103,0.01661,4,2,12,100000
2.0,0.6284,0.01627,4,2,12,100000
4.0,0.8318,0.02042,4,2,12,100000
6.0,1.0312,0.02586,4,2,12,100000
8.0,1.2087,0.0342,4,2,12,100000
10.0,1.3387,0.0474,4,2,12,100000
14.0,0.8726,0.16439,4,2,12,100000
16.0,0.9279,0.18774,4,2,12,100000
-2.0,0.211,0.01513,4,2,12,250000
0.0,0.4146,0.0124,4,2,12,250000
2.0,0.6258,0.01177,4,2,12,250000
4.0,0.8256,0.01408,4,2,12,250000
6.0,1.0334,0.01711,4,2,12,250000
8.0,1.2368,0.02025,4,2,12,250000
10.0,1.4275,0.02536,4,2,12,250000
12.0,1.5848,0.02716,4,2,12,250000
14.0,1.6669,0.03013,4,2,12,250000
16.0,1.5591,0.05972,4,2,12,250000
-2.0,0.1943,0.00905,4,2,12,1000000
0.0,0.4083,0.00961,4,2,12,1000000
2.0,0.6148,0.008,4,2,12,1000000
4.0,0.8505,0.00913,4,2,12,1000000
6.0,1.061,0.01031,4,2,12,1000000
8.0,1.2677,0.01178,4,2,12,1000000
10.0,1.4691,0.0132,4,2,12,1000000
12.0,1.654,0.01498,4,2,12,1000000
14.0,1.6879,0.02554,4,2,12,1000000
16.0,1.6835,0.04452,4,2,12,1000000
-2.0,-0.0179,0.02211,1,3,12,50000
0.0,-0.0745,0.02163,1,3,12,50000
2.0,0.3186,0.02636,1,3,12,50000
4.0,0.6008,0.02653,1,3,12,50000
6.0,0.7823,0.02901,1,3,12,50000
8.0,0.9331,0.03524,1,3,12,50000
10.0,1.0239,0.05565,1,3,12,50000
12.0,0.7696,0.12525,1,3,12,50000
14.0,0.6951,0.17543,1,3,12,50000
16.0,0.7439,0.20536,1,3,12,50000
-2.0,-0.3022,0.01496,1,3,12,100000
0.0,0.1922,0.01621,1,3,12,100000
2.0,0.4398,0.01436,1,3,12,100000
4.0,0.6166,0.01585,1,3,12,100000
6.0,0.7887,0.01839,1,3,12,100000
8.0,0.9323,0.02384,1,3,12,100000
10.0,1.0783,0.03687,1,3,12,100000
12.0,1.1027,0.05867,1,3,12,100000
14.0,0.3548,0.09084,1,3,12,100000
16.0,0.3924,0.11478,1,3,12,100000
-2.0,-0.1229,0.00931,1,3,12,250000
0.0,0.1094,0.00868,1,3,12,250000
2.0,0.4285,0.00958,1,3,12,250000
4.0,0.6135,0.01071,1,3,12,250000
6.0,0.7922,0.0126,1,3,12,250000
8.0,0.953,0.01711,1,3,12,250000
10.0,1.0931,0.02417,1,3,12,250000
12.0,1.191,0.03401,1,3,12,250000
14.0,1.2,0.0531,1,3,12,250000
16.0,1.0179,0.10991,1,3,12,250000
-2.0,-0.1055,0.00604,1,3,12,1000000
0.0,0.108,0.00543,1,3,12,1000000
2.0,0.3194,0.00584,1,3,12,1000000
4.0,0.5688,0.00712,1,3,12,1000000
6.0,0.8144,0.00918,1,3,12,1000000
8.0,0.9897,0.01183,1,3,12,1000000
10.0,1.1716,0.01504,1,3,12,1000000
12.0,1.3312,0.01947,1,3,12,1000000
14.0,1.4255,0.02637,1,3,12,1000000
16.0,1.4525,0.04333,1,3,12,1000000
-2.0,-0.1257,0.02133,2,3,12,50000
0.0,0.0264,0.02485,2,3,12,50000
2.0,0.4084,0.02806,2,3,12,50000
4.0,0.6436,0.03082,2,3,12,50000
6.0,0.8246,0.03642,2,3,12,50000
8.0,1.0128,0.03913,2,3,12,50000
10.0,1.1521,0.044,2,3,12,50000
12.0,1.1662,0.06868,2,3,12,50000
14.0,0.7482,0.17374,2,3,12,50000
16.0,0.7905,0.20306,2,3,12,50000
-2.0,-0.1443,0.01622,2,3,12,100000
0.0,0.306,0.01532,2,3,12,100000
2.0,0.508,0.01463,2,3,12,100000
4.0,0.695,0.01691,2,3,12,100000
6.0,0.8847,0.01998,2,3,12,100000
8.0,1.058,0.02243,2,3,12,100000
10.0,1.1577,0.02999,2,3,12,100000
12.0,1.2531,0.04581,2,3,12,100000
14.0,1.1976,0.07114,2,3,12,100000
16.0,0.814,0.19339,2,3,12,100000
-2.0,0.0021,0.00921,2,3,12,250000
0.0,0.2375,0.00875,2,3,12,250000
2.0,0.5036,0.00955,2,3,12,250000
4.0,0.6912,0.0111,2,3,12,250000
6.0,0.8822,0.01289,2,3,12,250000
8.0,1.0664,0.01517,2,3,12,250000
10.0,1.1945,0.02202,2,3,12,250000
12.0,1.2568,0.03239,2,3,12,250000
14.0,1.2918,0.04893,2,3,12,250000
16.0,1.2742,0.07493,2,3,12,250000
-2.0,0.0065,0.00696,2,3,12,1000000
0.0,0.2165,0.00571,2,3,12,1000000
2.0,0.4298,0.00617,2,3,12,1000000
4.0,0.7093,0.00722,2,3,12,1000000
6.0,0.9024,0.00844,2,3,12,1000000
8.0,1.0871,0.01148,2,3,12,1000000
10.0,1.2664,0.01507,2,3,12,1000000
12.0,1.4115,0.0196,2,3,12,1000000
14.0,1.4894,0.02788,2,3,12,1000000
16.0,1.527,0.0442,2,3,12,1000000
-2.0,-0.1838,0.02883,3,3,12,50000
0.0,0.1952,0.02774,3,3,12,50000
2.0,0.4926,0.02984,3,3,12,50000
4.0,0.7084,0.03417,3,3,12,50000
6.0,0.8616,0.04411,3,3,12,50000
8.0,0.8283,0.0722,3,3,12,50000
10.0,0.8957,0.09185,3,3,12,50000
12.0,0.8893,0.11956,3,3,12,50000
14.0,0.8683,0.15804,3,3,12,50000
16.0,0.8455,0.20299,3,3,12,50000
0.0,0.3837,0.01485,3,3,12,100000
2.0,0.5807,0.01524,3,3,12,100000
4.0,0.7789,0.01804,3,3,12,100000
6.0,0.9753,0.02191,3,3,12,100000
8.0,1.1655,0.0253,3,3,12,100000
10.0,1.3081,0.02679,3,3,12,100000
12.0,1.2992,0.0395,3,3,12,100000
14.0,1.3348,0.05868,3,3,12,100000
16.0,1.2171,0.09962,3,3,12,100000
-2.0,0.1224,0.011,3,3,12,250000
0.0,0.374,0.0088,3,3,12,250000
2.0,0.5778,0.00995,3,3,12,250000
4.0,0.774,0.01172,3,3,12,250000
6.0,0.9781,0.01382,3,3,12,250000
8.0,1.1707,0.01559,3,3,12,250000
10.0,1.322,0.0192,3,3,12,250000
12.0,1.3537,0.0308,3,3,12,250000
14.0,1.3469,0.05124,3,3,12,250000
16.0,1.3397,0.07564,3,3,12,250000
-2.0,0.1141,0.00754,3,3,12,1000000
0.0,0.326,0.0063,3,3,12,1000000
2.0,0.5624,0.0066,3,3,12,1000000
4.0,0.7889,0.00748,3,3,12,1000000
6.0,0.9967,0.00852,3,3,12,1000000
8.0,1.1992,0.01041,3,3,12,1000000
10.0,1.3613,0.01515,3,3,12,1000000
12.0,1.488,0.02005,3,3,12,1000000
14.0,1.5606,0.02917,3,3,12,1000000
16.0,1.5804,0.04766,3,3,12,1000000
-2.0,-0.0711,0.03742,4,3,12,50000
0.0,0.3017,0.02975,4,3,12,50000
2.0,0.5736,0.03185,4,3,12,50000
4.0,0.7395,0.04043,4,3,12,50000
6.0,0.7924,0.06101,4,3,12,50000
8.0,0.7493,0.09474,4,3,12,50000
10.0,0.7831,0.12631,4,3,12,50000
12.0,0.8417,0.15005,4,3,12,50000
14.0,0.8584,0.17295,4,3,12,50000
16.0,0.9009,0.202,4,3,12,50000
-2.0,0.1721,0.02198,4,3,12,100000
0.0,0.4591,0.0148,4,3,12,100000
2.0,0.6609,0.01614,4,3,12,100000
4.0,0.8649,0.01937,4,3,12,100000
6.0,1.0627,0.02391,4,3,12,100000
8.0,1.245,0.02961,4,3,12,100000
10.0,1.417,0.03201,4,3,12,100000
12.0,1.483,0.03339,4,3,12,100000
14.0,1.37,0.05984,4,3,12,100000
16.0,1.3612,0.08509,4,3,12,100000
-2.0,0.2276,0.01207,4,3,12,250000
0.0,0.4668,0.009,4,3,12,250000
2.0,0.6572,0.01062,4,3,12,250000
4.0,0.8641,0.01257,4,3,12,250000
6.0,1.0736,0.01472,4,3,12,250000
8.0,1.2727,0.017,4,3,12,250000
10.0,1.4417,0.0188,4,3,12,250000
12.0,1.4873,0.02722,4,3,12,250000
14.0,1.4371,0.05119,4,3,12,250000
16.0,1.384,0.0829,4,3,12,250000
-2.0,0.2193,0.00798,4,3,12,1000000
0.0,0.4376,0.00803,4,3,12,1000000
2.0,0.6689,0.00704,4,3,12,1000000
4.0,0.8803,0.00791,4,3,12,1000000
6.0,1.0947,0.00895,4,3,12,1000000
8.0,1.3043,0.01018,4,3,12,1000000
10.0,1.4709,0.01411,4,3,12,1000000
12.0,1.5634,0.02075,4,3,12,1000000
14.0,1.6203,0.03155,4,3,12,1000000
16.0,1.6201,0.053,4,3,12,1000000
-2.0,-0.1636,0.02265,1,4,12,50000
0.0,-0.0811,0.02162,1,4,12,50000
2.0,0.2473,0.02745,1,4,12,50000
4.0,0.5775,0.02779,1,4,12,50000
6.0,0.7825,0.02728,1,4,12,50000
8.0,0.9303,0.03571,1,4,12,50000
10.0,0.9958,0.05957,1,4,12,50000
14.0,0.6926,0.175,1,4,12,50000
16.0,0.7385,0.20346,1,4,12,50000
-2.0,-0.2964,0.01506,1,4,12,100000
0.0,0.1677,0.01663,1,4,12,100000
2.0,0.4422,0.01475,1,4,12,100000
4.0,0.6204,0.01545,1,4,12,100000
6.0,0.7862,0.01777,1,4,12,100000
8.0,0.9257,0.02521,1,4,12,100000
10.0,1.0757,0.03887,1,4,12,100000
12.0,1.0633,0.06362,1,4,12,100000
14.0,0.3875,0.09632,1,4,12,100000
16.0,0.384,0.11383,1,4,12,100000
-2.0,-0.1158,0.00962,1,4,12,250000
0.0,0.1158,0.00865,1,4,12,250000
2.0,0.4332,0.00931,1,4,12,250000
4.0,0.6178,0.01036,1,4,12,250000
6.0,0.7897,0.01277,1,4,12,250000
8.0,0.9479,0.01789,1,4,12,250000
10.0,1.0912,0.02487,1,4,12,250000
12.0,1.1937,0.03518,1,4,12,250000
14.0,1.1823,0.05632,1,4,12,250000
16.0,0.7727,0.18596,1,4,12,250000
-2.0,-0.0961,0.0061,1,4,12,1000000
0.0,0.1185,0.00541,1,4,12,1000000
2.0,0.3302,0.00566,1,4,12,1000000
4.0,0.579,0.00709,1,4,12,1000000
6.0,0.8108,0.00952,1,4,12,1000000
8.0,0.9891,0.01215,1,4,12,1000000
10.0,1.172,0.01539,1,4,12,1000000
12.0,1.3317,0.01968,1,4,12,1000000
14.0,1.4142,0.02749,1,4,12,1000000
16.0,1.4525,0.04332,1,4,12,1000000
-2.0,-0.2482,0.02138,2,4,12,50000
0.0,-0.0528,0.02437,2,4,12,50000
2.0,0.3156,0.03101,2,4,12,50000
4.0,0.596,0.03409,2,4,12,50000
6.0,0.8341,0.03393,2,4,12,50000
8.0,1.033,0.03241,2,4,12,50000
10.0,1.1537,0.04802,2,4,12,50000
12.0,0.8619,0.11253,2,4,12,50000
14.0,0.7662,0.17643,2,4,12,50000
16.0,0.8156,0.20779,2,4,12,50000
-2.0,-0.1398,0.01704,2,4,12,100000
0.0,0.2778,0.01657,2,4,12,100000
2.0,0.5076,0.01566,2,4,12,100000
4.0,0.7046,0.01663,2,4,12,100000
6.0,0.8933,0.01837,2,4,12,100000
8.0,1.0345,0.02223,2,4,12,100000
10.0,1.1583,0.03455,2,4,12,100000
12.0,1.2381,0.05164,2,4,12,100000
14.0,1.0297,0.09686,2,4,12,100000
16.0,0.851,0.19599,2,4,12,100000
-2.0,0.0169,0.00978,2,4,12,250000
0.0,0.2504,0.0087,2,4,12,250000
2.0,0.515,0.00916,2,4,12,250000
4.0,0.7049,0.01042,2,4,12,250000
6.0,0.8926,0.01223,2,4,12,250000
8.0,1.0529,0.01675,2,4,12,250000
10.0,1.1701,0.02402,2,4,12,250000
12.0,1.2526,0.03394,2,4,12,250000
14.0,1.295,0.05054,2,4,12,250000
-2.0,0.0222,0.00655,2,4,12,1000000
0.0,0.2371,0.00562,2,4,12,1000000
2.0,0.4506,0.00576,2,4,12,1000000
4.0,0.7152,0.00691,2,4,12,1000000
6.0,0.9027,0.009,2,4,12,1000000
8.0,1.0883,0.01227,2,4,12,1000000
10.0,1.2657,0.01581,2,4,12,1000000
12.0,1.4077,0.02006,2,4,12,1000000
14.0,1.4868,0.02856,2,4,12,1000000
16.0,1.5285,0.04403,2,4,12,1000000
-2.0,-0.1808,0.02745,3,4,12,50000
0.0,0.0938,0.02912,3,4,12,50000
2.0,0.3712,0.03535,3,4,12,50000
4.0,0.6145,0.04111,3,4,12,50000
6.0,0.8308,0.04571,3,4,12,50000
8.0,1.0738,0.04185,3,4,12,50000
10.0,1.2383,0.04071,3,4,12,50000
12.0,1.2732,0.06306,3,4,12,50000
14.0,0.8727,0.16098,3,4,12,50000
16.0,0.873,0.21052,3,4,12,50000
-2.0,0.0178,0.01974,3,4,12,100000
0.0,0.3483,0.01721,3,4,12,100000
2.0,0.5827,0.01682,3,4,12,100000
4.0,0.7957,0.01809,3,4,12,100000
6.0,0.9952,0.02012,3,4,12,100000
8.0,1.167,0.02169,3,4,12,100000
10.0,1.2189,0.03036,3,4,12,100000
12.0,1.3102,0.04518,3,4,12,100000
14.0,1.302,0.0696,3,4,12,100000
16.0,0.9435,0.17201,3,4,12,100000
-2.0,0.1417,0.01055,3,4,12,250000
0.0,0.3955,0.00868,3,4,12,250000
2.0,0.5997,0.00944,3,4,12,250000
4.0,0.8018,0.01091,3,4,12,250000
6.0,0.9995,0.01257,3,4,12,250000
8.0,1.1716,0.01536,3,4,12,250000
10.0,1.2623,0.02312,3,4,12,250000
12.0,1.3159,0.0347,3,4,12,250000
14.0,1.3537,0.0511,3,4,12,250000
16.0,1.3447,0.07578,3,4,12,250000
-2.0,0.1386,0.00694,3,4,12,1000000
0.0,0.3557,0.00603,3,4,12,1000000
2.0,0.5933,0.00596,3,4,12,1000000
4.0,0.8086,0.00689,3,4,12,1000000
6.0,1.0137,0.00852,3,4,12,1000000
8.0,1.1934,0.01226,3,4,12,1000000
10.0,1.3579,0.01614,3,4,12,1000000
12.0,1.4776,0.02109,3,4,12,1000000
14.0,1.5523,0.03051,3,4,12,1000000
16.0,1.5728,0.04858,3,4,12,1000000
-2.0,-0.142,0.0355,4,4,12,50000
0.0,0.1878,0.03339,4,4,12,50000
2.0,0.4305,0.04046,4,4,12,50000
4.0,0.6051,0.0498,4,4,12,50000
6.0,0.7392,0.06247,4,4,12,50000
8.0,0.8795,0.07556,4,4,12,50000
10.0,1.3066,0.04629,4,4,12,50000
12.0,1.3647,0.0538,4,4,12,50000
14.0,1.3139,0.08517,4,4,12,50000
16.0,0.9141,0.2061,4,4,12,50000
-2.0,0.1377,0.02269,4,4,12,100000
0.0,0.4437,0.01773,4,4,12,100000
2.0,0.6722,0.01796,4,4,12,100000
4.0,0.8855,0.01986,4,4,12,100000
6.0,1.089,0.02257,4,4,12,100000
8.0,1.278,0.02399,4,4,12,100000
10.0,1.3733,0.02661,4,4,12,100000
12.0,1.3374,0.04384,4,4,12,100000
14.0,1.4001,0.06239,4,4,12,100000
16.0,1.3187,0.09671,4,4,12,100000
-2.0,0.2528,0.01133,4,4,12,250000
0.0,0.4887,0.00889,4,4,12,250000
2.0,0.6949,0.00994,4,4,12,250000
4.0,0.905,0.01149,4,4,12,250000
6.0,1.1087,0.01319,4,4,12,250000
8.0,1.288,0.01518,4,4,12,250000
10.0,1.3745,0.02159,4,4,12,250000
12.0,1.3833,0.03635,4,4,12,250000
14.0,1.3986,0.05509,4,4,12,250000
16.0,1.4084,0.07707,4,4,12,250000
-2.0,0.2534,0.00724,4,4,12,1000000
0.0,0.4738,0.00687,4,4,12,1000000
2.0,0.6985,0.00621,4,4,12,1000000
4.0,0.914,0.00718,4,4,12,1000000
6.0,1.1256,0.00844,4,4,12,1000000
8.0,1.3054,0.01176,4,4,12,1000000
10.0,1.4358,0.01678,4,4,12,1000000
12.0,1.54,0.02294,4,4,12,1000000
14.0,1.6081,0.03356,4,4,12,1000000
16.0,1.6039,0.05505,4,4,12,1000000
